{
    "format_version": "1.14.0",
    "sound_definitions": {
        "mob.white_spike.idle": {
            "__use_legacy_max_distance": true,
            "category": "hostile",
            "sounds": [
                "sounds/mob/white_spike/ambient1",
                "sounds/mob/white_spike/ambient2",
                "sounds/mob/white_spike/ambient3",
                "sounds/mob/white_spike/ambient4"
            ]
        },
        "mob.white_spike.death": {
            "__use_legacy_max_distance": true,
            "category": "hostile",
            "sounds": [
                "sounds/mob/white_spike/death1",
                "sounds/mob/white_spike/death2",
                "sounds/mob/white_spike/death3"
            ]
        },
        "mob.white_spike.hit": {
            "__use_legacy_max_distance": true,
            "category": "hostile",
            "sounds": [
                "sounds/mob/white_spike/hit1",
                "sounds/mob/white_spike/hit2",
                "sounds/mob/white_spike/hit3",
                "sounds/mob/white_spike/hit4"
            ]
        },
        "mob.white_spike.attack": {
            "__use_legacy_max_distance": true,
            "category": "hostile",
            "sounds": [
                "sounds/mob/white_spike/attack1",
                "sounds/mob/white_spike/attack2",
                "sounds/mob/white_spike/attack3"
            ]
        },
        "mob.white_spike.step": {
            "__use_legacy_max_distance": true,
            "category": "hostile",
            "sounds": [
                "sounds/mob/white_spike/step1",
                "sounds/mob/white_spike/step2",
                "sounds/mob/white_spike/step3",
                "sounds/mob/white_spike/step4",
                "sounds/mob/white_spike/step5"
            ]
        },
        "mob.jade_dragon.ambient": {
            "__use_legacy_max_distance": true,
            "category": "hostile",
            "sounds": [
                "sounds/mob/jade_dragon/idle1",
                "sounds/mob/jade_dragon/idle2"
            ]
        },
        "mob.jade_dragon.death": {
            "__use_legacy_max_distance": true,
            "category": "hostile",
            "sounds": [
                "sounds/mob/jade_dragon/death"
            ]
        },
        "mob.jade_dragon.hurt": {
            "__use_legacy_max_distance": true,
            "category": "hostile",
            "sounds": [
                "sounds/mob/jade_dragon/hurt"
            ]
        },
        "mob.jade_dragon.attack": {
            "__use_legacy_max_distance": true,
            "category": "hostile",
            "sounds": [
                "sounds/mob/jade_dragon/attack"
            ]
        },
        "mob.phoenix.ambient": {
            "__use_legacy_max_distance": true,
            "category": "neutral",
            "sounds": [
                "sounds/mob/phoenix/ambient1",
                "sounds/mob/phoenix/ambient2",
                "sounds/mob/phoenix/ambient3"
            ]
        },
        "mob.phoenix.hurt": {
            "__use_legacy_max_distance": true,
            "category": "neutral",
            "sounds": [
                "sounds/mob/phoenix/hurt1",
                "sounds/mob/phoenix/hurt2",
                "sounds/mob/phoenix/hurt3"
            ]
        },
        "mob.phoenix.death": {
            "__use_legacy_max_distance": true,
            "category": "neutral",
            "sounds": [
                "sounds/mob/phoenix/death1",
                "sounds/mob/phoenix/death2",
                "sounds/mob/phoenix/death3"
            ]
        },
        "mob.phoenix.wing_flap": {
            "__use_legacy_max_distance": true,
            "category": "neutral",
            "sounds": [
                "sounds/mob/phoenix/wing_flap"
            ]
        },
        "random.spike_hit": {
            "__use_legacy_max_distance": true,
            "category": "hostile",
            "sounds": [
                "sounds/random/spike_hit1",
                "sounds/random/spike_hit2"
            ]
        },
        "mob.sea_serpent.attack": {
			"__use_legacy_max_distance": true,
			"category": "hostile",
			"sounds": [
				"sounds/mob/sea_serpent/attack"
			]
		},
		"mob.sea_serpent.death": {
			"__use_legacy_max_distance": true,
			"category": "hostile",
			"sounds": [
				"sounds/mob/sea_serpent/death"
			]
		},
		"mob.sea_serpent.hurt": {
			"__use_legacy_max_distance": true,
			"category": "hostile",
			"sounds": [
				"sounds/mob/sea_serpent/hit"
			]
		},
		"mob.sea_serpent.idle": {
			"__use_legacy_max_distance": true,
			"category": "hostile",
			"sounds": [
				"sounds/mob/sea_serpent/ambient1",
				"sounds/mob/sea_serpent/ambient2"
			]
		},
		"mob.sea_serpent.splash": {
			"__use_legacy_max_distance": true,
			"category": "hostile",
			"sounds": [
				"sounds/mob/sea_serpent/splash"
			]
		}
    }
}