{
	"format_version": "1.16.100",
	"minecraft:entity": {
		"description": {
			"identifier": "rab:jade_dragon",
			"is_spawnable": true,
			"is_summonable": true,
			"is_experimental": false,
			"animations": {
				"death": "controller.animation.death",
				"firing": "controller.animation.firing"
			},
			"scripts": {
				"animate": [
					"death",
					"firing"
				]
			}
		},
		"component_groups": {},
		"components": {
			"minecraft:is_hidden_when_invisible": {},
			"minecraft:experience_reward": {
				"on_death": "query.last_hit_by_player?64+(query.equipment_count*math.random(64,128)):0"
			},
			"minecraft:behavior.move_towards_home_restriction": {
				"priority": 4
			},
			"minecraft:behavior.random_hover": {
				"priority": 12,
				"xz_dist": 32,
				"y_dist": 16,
				"y_offset": -1,
				"interval": 1,
				"hover_height": [
					5,
					32
				]
			},
			"minecraft:loot": {
				"table": "loot_tables/entities/jade_dragon.json"
			},
			"minecraft:type_family": {
				"family": [
					"dragon",
					"mob",
					"boss",
					"animal"
				]
			},
			"minecraft:on_target_acquired": {
				"event": "attacked",
				"target": "self"
			},
			"minecraft:breathable": {
				"breathes_air": true,
				"breathes_water": false,
				"total_supply": 600,
				"suffocate_time": 0
			},
			"minecraft:collision_box": {
				"width": 2,
				"height": 3
			},
			"minecraft:behavior.nap": {
				"priority": 13,
				"mob_detect_dist": 6,
				"wake_mob_exceptions": {
					"test": "is_family",
					"subject": "other",
					"value": "animal"
				}
			},
			"minecraft:scale": {
				"value": 0.4
			},
			"minecraft:behavior.ranged_attack": {
				"priority": 1,
				"attack_radius": 64,
				"ranged_fov": 45,
				"burst_shots": 8,
				"burst_interval": 0.3,
				"charge_shoot_trigger": 6,
				"charge_charged_trigger": 1
			},
			"minecraft:behavior.look_at_target": {
				"priority": 4
			},
			"minecraft:shooter": {
				"def": "rab:dragon_fireball"
			},
			"minecraft:knockback_resistance": {
				"value": 1
			},
			"minecraft:behavior.nearest_attackable_target": {
				"priority": 3,
				"entity_types": [
					{
						"filters": {
							"all_of": [
								{
									"test": "is_family",
									"subject": "other",
									"value": "player"
								}
							]
						},
						"max_dist": 64
					},
					{
						"filters": {
							"all_of": [
								{
									"test": "is_family",
									"subject": "other",
									"value": "wizard"
								}
							]
						},
						"max_dist": 64
					},
					{
						"filters": {
							"all_of": [
								{
									"test": "is_family",
									"subject": "other",
									"value": "goat"
								}
							]
						},
						"max_dist": 64
					}
				],
				"must_see": true
			},
			"minecraft:conditional_bandwidth_optimization": {},
			"minecraft:home": {
				"restriction_radius": 64
			},
			"minecraft:boss": {
				"hud_range": 128,
				"name": "Jade Dragon",
				"should_darken_sky": false
			},
			"minecraft:follow_range": {
				"value": 64,
				"max": 64
			},
			"minecraft:damage_sensor": {
				"triggers": [
					{
						"cause": "fall",
						"deals_damage": false
					},
					{
						"cause": "entity_explosion",
						"deals_damage": false
					}
				]
			},
			"minecraft:fire_immune": {},
			"minecraft:movement": {
				"value": 0.3
			},
			"minecraft:health": {
				"value": 350,
				"max": 350
			},
			"minecraft:behavior.random_look_around": {
				"priority": 6
			},
			"minecraft:behavior.look_at_player": {
				"priority": 7
			},
			"minecraft:flying_speed": {
				"value": 0.25
			},
			"minecraft:navigation.hover": {
				"can_path_over_water": true,
				"can_sink": false,
				"can_pass_doors": false,
				"can_path_from_air": true,
				"avoid_water": true,
				"avoid_damage_blocks": true,
				"avoid_sun": false
			},
			"minecraft:movement.hover": {
				"max_turn": 2
			},
			"minecraft:balloonable": {
				"mass": 0.3
			},
			"minecraft:persistent": {},
			"minecraft:jump.static": {},
			"minecraft:can_fly": {},
			"minecraft:physics": {},
			"minecraft:pushable": {
				"is_pushable": true,
				"is_pushable_by_piston": true
			}
		},
		"events": {}
	}
}