{
	"format_version": "1.17.30",
	"minecraft:entity": {
		"description": {
			"identifier": "rab:phoenix",
			"is_spawnable": true,
			"is_summonable": true,
			"is_experimental": false,
			"animations": {
				"flying": "controller.animation.phoenix_flying",
				"firing": "controller.animation.phoenix_firing"
			},
			"scripts": {
				"animate": [
					"flying",
					"firing"
				]
			}
		},
		"component_groups": {
			"phoenix_wild": {
				"minecraft:tameable": {
					"tame_items": [
						"enchanted_golden_apple",
						"nether_star"
					],
					"probability": 1,
					"tame_event": {
						"event": "become_tamed",
						"target": "self"
					}
				},
				"minecraft:physics": {
					"has_collision": true,
					"has_gravity": true
				},
				"minecraft:despawn": {
					"despawn_from_distance": {}
				},
				"minecraft:boss": {
					"hud_range": 256,
					"name": "Phoenix",
					"should_darken_sky": false
				}
			},
			"phoenix_tamed": {
				"minecraft:physics": {
					"has_collision": true,
					"has_gravity": true
				},
				"minecraft:is_tamed": {},
				"minecraft:behavior.follow_owner": {
					"priority": 2,
					"start_distance": 16,
					"stop_distance": 4,
					"speed_multiplier": 1.2
				},
				"minecraft:behavior.owner_hurt_target": {
					"priority": 4,
					"entity_types": [
						{
							"must_see": false,
							"filters": {
								"test": "is_family",
								"subject": "other",
								"operator": "!=",
								"value": "villager"
							}
						}
					]
				},
				"minecraft:behavior.owner_hurt_by_target": {
					"priority": 1
				},
				"minecraft:healable": {
					"items": [
						{
							"item": "enchanted_golden_apple",
							"heal_amount": 150
						},
						{
							"item": "nether_star",
							"heal_amount": 150
						}
					],
					"force_use": false
				},
				"minecraft:timer": {
					"time": 3600,
					"time_down_event": {
						"event": "add_bad_omen",
						"target": "self"
					}
				}
			},
			"phoenix_weather_clear": {
				"minecraft:mark_variant": {
					"value": 0
				},
				"minecraft:behavior.random_look_around": {
					"priority": 6
				},
				"minecraft:behavior.random_stroll": {
					"priority": 5,
					"interval": 50
				},
				"minecraft:pushable": {
					"is_pushable": true,
					"is_pushable_by_piston": true
				},
				"minecraft:movement": {
					"value": 0.25
				},
				"minecraft:jump.static": {},
				"minecraft:can_climb": {},
				"minecraft:movement.generic": {},
				"minecraft:navigation.generic": {
					"can_walk": true,
					"avoid_water": true,
					"can_walk_in_lava": true,
					"can_jump": true,
					"avoid_damage_blocks": true,
					"can_sink": false,
					"can_swim": true,
					"can_path_from_air": true,
					"can_path_over_lava": true,
					"can_path_over_water": true
				},
				"minecraft:flying_speed": {
					"value": 0.15
				},
				"minecraft:behavior.hurt_by_target": {
					"priority": 0,
					"entity_types": {
						"filters": {
							"test": "is_family",
							"subject": "other",
							"operator": "!=",
							"value": "phoenix"
						}
					},
					"hurt_owner": false
				},
				"minecraft:behavior.tempt": {
					"priority": 3,
					"can_tempt_vertically": true,
					"within_radius": 16,
					"sound_interval": {
						"range_min": 1,
						"range_max": 3
					},
					"can_get_scared": false,
					"items": [
						"nether_star",
						"enchanted_golden_apple"
					]
				},
				"minecraft:underwater_movement": {
					"value": 0.4
				},
				"minecraft:behavior.nearest_attackable_target": {
					"priority": 3,
					"reselect_targets": true,
					"must_see": true,
					"attack_owner": false,
					"target_search_height": 24,
					"must_reach": false,
					"entity_types": [
						{
							"filters": {
								"test": "is_family",
								"subject": "other",
								"value": "monster"
							},
							"must_see": true,
							"max_dist": 24
						},
						{
							"filters": {
								"test": "is_family",
								"subject": "other",
								"value": "undead"
							},
							"must_see": true,
							"max_dist": 24
						},
						{
							"filters": {
								"test": "is_family",
								"subject": "other",
								"value": "illager"
							},
							"must_see": true,
							"max_dist": 24
						},
						{
							"filters": {
								"test": "is_family",
								"subject": "other",
								"value": "pillager"
							},
							"must_see": true,
							"max_dist": 24
						},
						{
							"filters": {
								"test": "is_family",
								"subject": "other",
								"value": "evocation_illager"
							},
							"must_see": true,
							"max_dist": 24
						},
						{
							"filters": {
								"test": "is_family",
								"subject": "other",
								"value": "ravager"
							},
							"must_see": true,
							"max_dist": 24
						}
					]
				},
				"minecraft:damage_sensor": {
					"triggers": [
						{
							"cause": "fall",
							"deals_damage": false
						},
						{
							"cause": "fire",
							"deals_damage": false
						},
						{
							"cause": "magma",
							"deals_damage": false
						}
					]
				},
				"minecraft:environment_sensor": {
					"triggers": [
						{
							"filters": {
								"test": "weather_at_position",
								"value": "rain"
							},
							"event": "phoenix_become_immobile",
							"target": "self"
						},
						{
							"filters": {
								"test": "weather_at_position",
								"value": "thunderstorm"
							},
							"event": "phoenix_become_immobile",
							"target": "self"
						}
					]
				}
			},
			"phoenix_immobile": {
				"minecraft:mark_variant": {
					"value": 1
				},
				"minecraft:pushable": {
					"is_pushable": false,
					"is_pushable_by_piston": true
				},
				"minecraft:balloonable": {
					"mass": 2
				},
				"minecraft:physics": {
					"has_gravity": true,
					"has_collision": true
				},
				"minecraft:buoyant": {
					"liquid_blocks": [
						"lava"
					],
					"apply_gravity": true,
					"base_buoyancy": 0.7,
					"simulate_waves": true,
					"big_wave_probability": 0.4,
					"big_wave_speed": 0.2
				},
				"minecraft:damage_sensor": {
					"triggers": [
						{
							"cause": "entity_attack",
							"deals_damage": false
						}
					]
				},
				"minecraft:knockback_resistance": {
					"value": 1
				},
				"minecraft:leashable": {
					"soft_distance": 4,
					"hard_distance": 6,
					"max_distance": 10
				},
				"minecraft:environment_sensor": {
					"triggers": [
						{
							"filters": {
								"test": "weather_at_position",
								"value": "clear"
							},
							"event": "phoenix_thaw",
							"target": "self"
						}
					]
				}
			},
			"phoenix_angry": {
				"minecraft:angry": {
					"duration": 30,
					"calm_event": {
						"event": "calm_down",
						"target": "self"
					}
				},
				"minecraft:trail": {
					"block_type": "minecraft:fire"
				}
			},
			"phoenix_flying": {
				"minecraft:can_fly": {},
				"minecraft:movement.generic": {
					"max_turn": 0.3
				}
			},
			"charge_ranged_attack": {
				"minecraft:behavior.ranged_attack": {
					"priority": 0,
					"attack_radius": 64,
					"attack_radius_min": 8,
					"attack_interval": 2,
					"burst_shots": 4,
					"burst_interval": 0.5,
					"charge_shoot_trigger": 5,
					"charge_charged_trigger": 2
				},
				"minecraft:shooter": {
					"def": "rab:phoenix_fireball"
				}
			},
			"melee_attack": {
				"minecraft:attack": {
					"damage": 10
				},
				"minecraft:behavior.delayed_attack": {
					"priority": 0,
					"attack_duration": 0.5,
					"hit_delay_pct": 0.1,
					"sound_event": "shoot",
					"speed_multiplier": 1.6,
					"track_target": true,
					"require_complete_path": true
				}
			}
		},
		"events": {
			"minecraft:entity_spawned": {
				"add": {
					"component_groups": [
						"phoenix_wild"
					]
				}
			},
			"switch_to_flying": {
				"add": {
					"component_groups": [
						"phoenix_flying"
					]
				}
			},
			"switch_to_walking": {
				"remove": {
					"component_groups": [
						"phoenix_flying"
					]
				},
				"add": {
					"component_groups": [
						"phoenix_weather_clear"
					]
				}
			},
			"random_flight_time": {
				"randomize": [
					{
						"run_command": {
							"command": [
								"effect @s levitation 5 1 true"
							]
						},
						"weight": 50
					},
					{
						"run_command": {
							"command": [
								"effect @s levitation 7 1 true"
							]
						},
						"weight": 40
					},
					{
						"run_command": {
							"command": [
								"effect @s levitation 9 1 true"
							]
						},
						"weight": 40
					},
					{
						"run_command": {
							"command": [
								"effect @s levitation 11 1 true"
							]
						},
						"weight": 30
					},
					{
						"run_command": {
							"command": [
								"effect @s levitation 13 1 true"
							]
						},
						"weight": 30
					},
					{
						"run_command": {
							"command": [
								"effect @s levitation 15 1 true"
							]
						},
						"weight": 20
					}
				]
			},
			"phoenix_become_immobile": {
				"remove": {
					"component_groups": [
						"phoenix_weather_clear",
						"phoenix_standing"
					]
				},
				"add": {
					"component_groups": [
						"phoenix_immobile"
					]
				}
			},
			"phoenix_thaw": {
				"remove": {
					"component_groups": [
						"phoenix_immobile"
					]
				},
				"add": {
					"component_groups": [
						"phoenix_weather_clear"
					]
				}
			},
			"become_angry": {
				"sequence": [
					{
						"add": {
							"component_groups": [
								"phoenix_angry"
							]
						}
					},
					{
						"randomize": [
							{
								"remove": {
									"component_groups": [
										"melee_attack"
									]
								},
								"add": {
									"component_groups": [
										"charge_ranged_attack"
									]
								},
								"weight": 50
							},
							{
								"remove": {
									"component_groups": [
										"charge_ranged_attack"
									]
								},
								"add": {
									"component_groups": [
										"melee_attack"
									]
								},
								"weight": 50
							}
						]
					}
				]
			},
			"calm_down": {
				"remove": {
					"component_groups": [
						"phoenix_angry",
						"melee_attack",
						"charge_ranged_attack",
						"phoenix_flying"
					]
				},
				"add": {
					"component_groups": [
						"phoenix_weather_clear"
					]
				}
			},
			"become_tamed": {
				"remove": {
					"component_groups": [
						"phoenix_wild"
					]
				},
				"sequence": [
					{
						"run_command": {
							"command": [
								"effect @p absorption 190 2 true",
								"effect @p jump_boost 190 2 true",
								"effect @p speed 190 1 true",
								"effect @p slow_falling 60 1 true",
								"effect @p fire_resistance 190 2 true"
							]
						}
					},
					{
						"add": {
							"component_groups": [
								"phoenix_tamed"
							]
						}
					},
					{
						"run_command": {
							"command": [
								"title @p title Prepare for battle!",
								"summon minecraft:pillager ~13 ~2 ~16 minecraft:promote_to_patrol_captain",
								"summon minecraft:pillager ~14 ~2 ~17",
								"summon minecraft:pillager ~14 ~2 ~18",
								"summon minecraft:pillager ~14 ~2 ~18",
								"summon minecraft:pillager ~14 ~2 ~17",
								"summon minecraft:pillager ~14 ~2 ~17",
								"summon minecraft:ravager ~15 ~2 ~20 minecraft:spawn_for_raid_with_pillager_rider",
								"summon minecraft:ravager ~25 ~ ~16 minecraft:spawn_with_vindicator_rider"
							]
						}
					}
				]
			},
			"add_bad_omen": {
				"sequence": [
					{
						"run_command": {
							"command": [
								"title @p title Prepare for battle!",
								"summon minecraft:pillager ~13 ~2 ~16 minecraft:promote_to_patrol_captain",
								"summon minecraft:pillager ~14 ~2 ~17",
								"summon minecraft:pillager ~14 ~2 ~18",
								"summon minecraft:pillager ~14 ~2 ~18",
								"summon minecraft:pillager ~14 ~2 ~17",
								"summon minecraft:pillager ~14 ~2 ~17",
								"summon minecraft:ravager ~15 ~2 ~20 minecraft:spawn_for_raid_with_pillager_rider",
								"summon minecraft:ravager ~25 ~ ~16 minecraft:spawn_with_vindicator_rider"
							]
						}
					}
				]
			}
		},
		"components": {
			"minecraft:type_family": {
				"family": [
					"phoenix",
					"mob"
				]
			},
			"minecraft:health": {
				"value": 250,
				"max": 250
			},
			"minecraft:custom_hit_test": {
				"hitboxes": [
					{
						"width": 1.8,
						"height": 0.7,
						"pivot": [
							0,
							0.75,
							0
						]
					}
				]
			},
			"minecraft:scale": {
				"value": 2
			},
			"minecraft:loot": {
				"table": "loot_tables/entities/phoenix.json"
			},
			"minecraft:physics": {},
			"minecraft:on_target_acquired": {
				"event": "become_angry",
				"target": "self"
			},
			"minecraft:fire_immune": true,
			"minecraft:follow_range": {
				"value": 64,
				"max": 128
			},
			"minecraft:damage_sensor": {
				"triggers": {
					"cause": "magic",
					"deals_damage": false
				}
			},
			"minecraft:floats_in_liquid": {},
			"minecraft:scheduler": {
				"max_delay_secs": 0,
				"min_delay_secs": 0,
				"scheduled_events": [
					{
						"filters": {
							"test": "weather_at_position",
							"value": "rain"
						},
						"event": "phoenix_become_immobile",
						"target": "self"
					},
					{
						"filters": {
							"test": "weather_at_position",
							"value": "thunderstorm"
						},
						"event": "phoenix_become_immobile",
						"target": "self"
					},
					{
						"filters": {
							"test": "weather_at_position",
							"value": "clear"
						},
						"event": "phoenix_thaw",
						"target": "self"
					}
				]
			},
			"minecraft:conditional_bandwidth_optimization": {}
		}
	}
}