{
	"format_version": "1.17.40",
	"minecraft:entity": {
		"description": {
			"identifier": "rab:sea_serpent",
			"is_spawnable": true,
			"is_summonable": true,
			"is_experimental": false,
			"runtime_identifier": "minecraft:dolphin"
		},
		"component_groups": {
			"sea_serpent_adult": {
				"minecraft:experience_reward": {
					"on_death": "query.last_hit_by_player?math.random(100,300):0"
				},
				"minecraft:loot": {
					"table": "loot_tables/entities/sea_serpent.json"
				},
				"minecraft:attack": {
					"damage": 9,
					"effect_name": "poison",
					"effect_duration": 10
				},
				"minecraft:behavior.nearest_attackable_target": {
					"priority": 2,
					"must_see": true,
					"reselect_targets": true,
					"within_radius": 22,
					"entity_types": [
						{
							"filters": {
								"any_of": [
									{
										"test": "is_family",
										"subject": "other",
										"value": "guardian_elder"
									},
									{
										"test": "is_family",
										"subject": "other",
										"value": "guardian"
									},
									{
										"test": "is_family",
										"subject": "other",
										"value": "dolphin"
									},
									{
										"test": "is_family",
										"subject": "other",
										"value": "turtle"
									},
									{
										"test": "is_family",
										"subject": "other",
										"value": "player"
									},
									{
										"test": "is_family",
										"subject": "other",
										"value": "villager"
									},
									{
										"test": "is_family",
										"subject": "other",
										"value": "irongolem"
									},
									{
										"test": "is_family",
										"subject": "other",
										"value": "wandering_trader"
									}
								]
							},
							"max_dist": 22
						}
					]
				}
			},
			"sea_serpent_baby": {
				"minecraft:is_baby": {},
				"minecraft:ageable": {
					"duration": 1200,
					"feed_items": [
						{
							"item": "cod",
							"growth": 30
						},
						{
							"item": "salmon",
							"growth": 30
						}
					],
					"grow_up": {
						"event": "ageable_grow_up",
						"target": "self"
					}
				},
				"minecraft:scale_by_age": {
					"start_scale": 0.3,
					"end_scale": 1
				},
				"minecraft:attack": {
					"damage": 5,
					"effect_name": "poison",
					"effect_duration": 10
				},
				"minecraft:behavior.nearest_attackable_target": {
					"priority": 2,
					"must_see": true,
					"reselect_targets": true,
					"within_radius": 22,
					"entity_types": [
						{
							"filters": {
								"any_of": [
									{
										"test": "is_family",
										"subject": "other",
										"value": "dolphin"
									},
									{
										"test": "is_family",
										"subject": "other",
										"value": "squid"
									}
								]
							},
							"max_dist": 22
						}
					]
				},
				"minecraft:behavior.follow_parent": {
					"priority": 4,
					"speed_multiplier": 1.1
				},
				"minecraft:behavior.panic": {
					"priority": 1,
					"speed_multiplier": 1.25
				}
			},
			"sea_serpent_angry": {
				"minecraft:angry": {
					"duration": 25,
					"broadcast_anger": true,
					"broadcast_range": 16,
					"calm_event": {
						"event": "on_calm",
						"target": "self"
					}
				},
				"minecraft:on_target_acquired": {}
			},
			"sea_serpent_dried": {
				"minecraft:damage_over_time": {
					"damage_per_hurt": 1,
					"time_between_hurt": 0
				}
			},
			"sea_serpent_swimming_navigation": {
				"minecraft:behavior.look_at_player": {
					"priority": 8,
					"look_distance": 6
				},
				"minecraft:navigation.generic": {
					"is_amphibious": true,
					"can_path_over_water": false,
					"can_swim": true,
					"can_walk": false,
					"can_breach": true,
					"can_sink": false
				},
				"minecraft:environment_sensor": {
					"triggers": [
						{
							"filters": {
								"all_of": [
									{
										"test": "on_ground",
										"operator": "==",
										"value": true
									},
									{
										"test": "in_water",
										"operator": "!=",
										"value": true
									}
								]
							},
							"event": "navigation_on_land"
						}
					]
				}
			},
			"sea_serpent_on_land": {
				"minecraft:navigation.generic": {
					"is_amphibious": true,
					"can_path_over_water": true,
					"can_swim": true,
					"can_walk": true,
					"can_breach": false,
					"can_jump": false
				},
				"minecraft:timer": {
					"looping": false,
					"time": 120,
					"time_down_event": {
						"event": "dried_out"
					}
				},
				"minecraft:environment_sensor": {
					"triggers": [
						{
							"filters": {
								"test": "in_water_or_rain",
								"operator": "==",
								"value": true
							},
							"event": "stop_dryingout"
						}
					]
				}
			},
			"sea_serpent_on_land_in_rain": {
				"minecraft:navigation.generic": {
					"is_amphibious": true,
					"can_path_over_water": true,
					"can_swim": true,
					"can_walk": true,
					"can_breach": false,
					"can_jump": false
				},
				"minecraft:environment_sensor": {
					"triggers": [
						{
							"filters": {
								"test": "in_water",
								"operator": "==",
								"value": true
							},
							"event": "navigation_off_land"
						},
						{
							"filters": {
								"test": "in_water_or_rain",
								"operator": "!=",
								"value": true
							},
							"event": "start_dryingout"
						}
					]
				}
			},
			"sea_serpent_dark_green": {
				"minecraft:mark_variant": {
					"value": 0
				}
			},
			"sea_serpent_blue": {
				"minecraft:mark_variant": {
					"value": 1
				}
			}
		},
		"components": {
			"minecraft:nameable": {},
			"minecraft:type_family": {
				"family": [
					"sea_serpent",
					"mob",
					"monster"
				]
			},
			"minecraft:custom_hit_test": {
				"hitboxes": [
					{
						"width": 0.8,
						"height": 0.7,
						"pivot": [
							0,
							0.35,
							1.3
						]
					},
					{
						"width": 0.8,
						"height": 0.8,
						"pivot": [
							0,
							0.4,
							0.5
						]
					},
					{
						"width": 0.8,
						"height": 0.7,
						"pivot": [
							0,
							0.35,
							-0.3
						]
					},
					{
						"width": 1,
						"height": 0.7,
						"pivot": [
							0,
							0.05,
							-1.4
						]
					},
					{
						"width": 0.9,
						"height": 0.9,
						"pivot": [
							0,
							-0.1,
							-2.6
						]
					},
					{
						"width": 0.9,
						"height": 0.9,
						"pivot": [
							0,
							-0.1,
							-3.5
						]
					}
				]
			},
			"minecraft:health": {
				"value": 100,
				"max": 100
			},
			"minecraft:hurt_on_condition": {
				"damage_conditions": [
					{
						"filters": {
							"test": "in_lava",
							"subject": "self",
							"operator": "==",
							"value": true
						},
						"cause": "lava",
						"damage_per_tick": 4
					}
				]
			},
			"minecraft:follow_range": {
				"value": 48,
				"max": 48
			},
			"minecraft:breathable": {
				"total_supply": 240,
				"suffocate_time": 0,
				"breathes_air": true,
				"breathes_water": true,
				"generates_bubbles": false
			},
			"minecraft:behavior.melee_attack": {
				"priority": 2,
				"track_target": true,
				"speed_multiplier": 1.5
			},
			"minecraft:movement": {
				"value": 0.1
			},
			"minecraft:navigation.generic": {
				"is_amphibious": true,
				"can_path_over_water": true,
				"can_swim": true,
				"can_walk": false,
				"can_breach": true,
				"can_sink": false
			},
			"minecraft:underwater_movement": {
				"value": 0.15
			},
			"minecraft:jump.static": {
				"jump_power": 0.6
			},
			"minecraft:can_climb": {},
			"minecraft:despawn": {
				"despawn_from_distance": {}
			},
			"minecraft:behavior.random_swim": {
				"priority": 5,
				"interval": 0,
				"xz_dist": 20
			},
			"minecraft:behavior.random_breach": {
				"priority": 4,
				"interval": 50,
				"xz_dist": 12,
				"y_dist": 6,
				"cooldown_time": 30
			},
			"minecraft:behavior.random_look_around": {
				"priority": 7
			},
			"minecraft:behavior.move_to_water": {
				"priority": 1,
				"search_range": 64,
				"search_height": 5
			},
			"minecraft:behavior.hurt_by_target": {
				"priority": 1
			},
			"minecraft:flocking": {
				"in_water": false,
				"match_variants": false,
				"use_center_of_mass": false,
				"low_flock_limit": 4,
				"high_flock_limit": 8,
				"goal_weight": 2,
				"loner_chance": 0.1,
				"influence_radius": 6,
				"breach_influence": 0,
				"separation_weight": 1.75,
				"separation_threshold": 3,
				"cohesion_weight": 1.85,
				"cohesion_threshold": 6.5,
				"innner_cohesion_threshold": 3.5,
				"min_height": 4,
				"max_height": 4,
				"block_distance": 1,
				"block_weight": 0
			},
			"minecraft:on_target_acquired": {
				"event": "become_angry",
				"target": "self"
			},
			"minecraft:on_target_escape": {
				"event": "on_calm",
				"target": "self"
			},
			"minecraft:physics": {},
			"minecraft:pushable": {
				"is_pushable": true,
				"is_pushable_by_piston": true
			},
			"minecraft:leashable": {
				"soft_distance": 4,
				"hard_distance": 6,
				"max_distance": 10
			},
			"minecraft:conditional_bandwidth_optimization": {}
		},
		"events": {
			"minecraft:entity_spawned": {
				"sequence": [
					{
						"randomize": [
							{
								"weight": 90,
								"add": {
									"component_groups": [
										"sea_serpent_adult",
										"sea_serpent_swimming_navigation"
									]
								}
							},
							{
								"weight": 30,
								"add": {
									"component_groups": [
										"sea_serpent_baby",
										"sea_serpent_swimming_navigation"
									]
								}
							}
						]
					},
					{
						"randomize": [
							{
								"weight": 90,
								"add": {
									"component_groups": [
										"sea_serpent_dark_green"
									]
								}
							},
							{
								"weight": 30,
								"add": {
									"component_groups": [
										"sea_serpent_blue"
									]
								}
							}
						]
					}
				]
			},
			"ageable_grow_up": {
				"remove": {
					"component_groups": [
						"sea_serpent_baby"
					]
				},
				"add": {
					"component_groups": [
						"sea_serpent_adult"
					]
				}
			},
			"become_angry": {
				"add": {
					"component_groups": [
						"sea_serpent_angry"
					]
				}
			},
			"on_calm": {
				"remove": {
					"component_groups": [
						"sea_serpent_angry"
					]
				}
			},
			"stop_dryingout": {
				"remove": {
					"component_groups": [
						"sea_serpent_on_land",
						"sea_serpent_dried"
					]
				},
				"add": {
					"component_groups": [
						"sea_serpent_on_land_in_rain"
					]
				}
			},
			"start_dryingout": {
				"remove": {
					"component_groups": [
						"sea_serpent_on_land_in_rain"
					]
				},
				"add": {
					"component_groups": [
						"sea_serpent_on_land"
					]
				}
			},
			"dried_out": {
				"add": {
					"component_groups": [
						"sea_serpent_dried"
					]
				}
			},
			"navigation_on_land": {
				"add": {
					"component_groups": [
						"sea_serpent_on_land"
					]
				},
				"remove": {
					"component_groups": [
						"sea_serpent_swimming_navigation"
					]
				}
			},
			"navigation_off_land": {
				"add": {
					"component_groups": [
						"sea_serpent_swimming_navigation"
					]
				},
				"remove": {
					"component_groups": [
						"sea_serpent_on_land_in_rain",
						"sea_serpent_on_land",
						"sea_serpent_dried"
					]
				}
			}
		}
	}
}