{
	"format_version": "1.16.0",
	"minecraft:entity": {
		"description": {
			"identifier": "rab:white_spike",
			"is_spawnable": true,
			"is_summonable": true,
			"is_experimental": false
		},
		"component_groups": {
			"white_spike_female": {
				"minecraft:variant": {
					"value": 1
				},
				"minecraft:loot": {
					"table": "loot_tables/entities/white_spike_female.json"
				},
				"minecraft:scale": {
					"value": 1.5
				},
				"minecraft:knockback_resistance": {
					"value": 1
				},
				"minecraft:health": {
					"value": 80
				},
				"minecraft:attack": {
					"damage": [
						8,
						15
					]
				},
				"minecraft:movement": {
					"value": 0.2
				},
				"minecraft:behavior.nearest_attackable_target": {
					"priority": 1,
					"must_reach": true,
					"attack_interval": 1,
					"reselect_targets": true,
					"within_radius": 32,
					"entity_types": [
						{
							"filters": {
								"test": "is_family",
								"subject": "other",
								"value": "mob"
							},
							"max_dist": 16
						},
						{
							"filters": {
								"test": "is_family",
								"subject": "other",
								"value": "panda"
							},
							"max_dist": 16
						},
						{
							"filters": {
								"test": "is_family",
								"subject": "other",
								"value": "animal"
							},
							"max_dist": 16
						},
						{
							"filters": {
								"test": "is_family",
								"subject": "other",
								"value": "player"
							},
							"max_dist": 16
						}
					],
					"must_see": false
				}
			},
			"white_spike_male": {
				"minecraft:variant": {
					"value": 0
				},
				"minecraft:loot": {
					"table": "loot_tables/entities/white_spike_male.json"
				},
				"minecraft:knockback_resistance": {
					"value": 0.7
				},
				"minecraft:health": {
					"value": 60
				},
				"minecraft:attack": {
					"damage": 8
				},
				"minecraft:movement": {
					"value": 0.25
				},
				"minecraft:behavior.nearest_attackable_target": {
					"priority": 1,
					"must_reach": true,
					"attack_interval": 1,
					"reselect_targets": true,
					"within_radius": 32,
					"entity_types": [
						{
							"filters": {
								"test": "is_family",
								"subject": "other",
								"value": "mob"
							},
							"max_dist": 16
						},
						{
							"filters": {
								"test": "is_family",
								"subject": "other",
								"value": "panda"
							},
							"max_dist": 16
						},
						{
							"filters": {
								"test": "is_family",
								"subject": "other",
								"value": "animal"
							},
							"max_dist": 16
						},
						{
							"filters": {
								"test": "is_family",
								"subject": "other",
								"value": "player"
							},
							"max_dist": 16
						}
					],
					"must_see": false
				}
			},
			"white_spike_baby_female": {
				"minecraft:variant": {
					"value": 1
				},
				"minecraft:is_baby": {},
				"minecraft:behavior.follow_parent": {
					"priority": 4,
					"speed_multiplier": 1.5
				},
				"minecraft:movement": {
					"value": 0.1
				},
				"minecraft:ageable": {
					"drop_items": [
						"rab:white_spike_carapace"
					],
					"duration": 800,
					"grow_up": {
						"event": "grow_up_female",
						"target": "self"
					}
				},
				"minecraft:scale_by_age": {
					"start_scale": 0.5,
					"end_scale": 1.5
				},
				"minecraft:health": {
					"value": 40
				},
				"minecraft:attack": {
					"damage": [
						1,
						3
					]
				}
			},
			"white_spike_baby_male": {
				"minecraft:variant": {
					"value": 0
				},
				"minecraft:is_baby": {},
				"minecraft:behavior.follow_parent": {
					"priority": 4,
					"speed_multiplier": 1.5
				},
				"minecraft:scale_by_age": {
					"start_scale": 0.3,
					"end_scale": 1
				},
				"minecraft:movement": {
					"value": 0.15
				},
				"minecraft:ageable": {
					"duration": 800,
					"grow_up": {
						"event": "grow_up_male",
						"target": "self"
					}
				},
				"minecraft:health": {
					"value": 20
				},
				"minecraft:attack": {
					"damage": 1
				}
			},
			"angry": {
				"minecraft:angry": {
					"broadcast_anger": true,
					"broadcast_range": 48,
					"duration": 30,
					"duration_delta": 3,
					"calm_event": {
						"event": "calm_event",
						"target": "self"
					}
				},
				"minecraft:behavior.break_door": {
					"priority": 2,
					"speed_multiplier": 1.75
				},
				"minecraft:annotation.break_door": {
					"break_time": 3
				}
			},
			"white_spike_melee": {
				"minecraft:behavior.delayed_attack": {
					"priority": 3,
					"attack_duration": 0.5,
					"hit_delay_pct": 0.5,
					"speed_multiplier": 1.75,
					"track_target": true,
					"reach_multiplier": 1.2
				},
				"minecraft:timer": {
					"time": [
						5,
						10
					],
					"looping": false,
					"randomInterval": true,
					"time_down_event": {
						"event": "switch_to_ranged",
						"target": "self"
					}
				}
			},
			"white_spike_ranged": {
				"minecraft:behavior.ranged_attack": {
					"priority": 0,
					"attack_interval_min": 0.6,
					"attack_interval_max": 2,
					"speed_multiplier": 1.4,
					"attack_radius": 12
				},
				"minecraft:shooter": {
					"def": "rab:spike_projectile"
				},
				"minecraft:timer": {
					"time": [
						5,
						7
					],
					"looping": false,
					"randomInterval": true,
					"time_down_event": {
						"event": "switch_to_melee",
						"target": "self"
					}
				}
			}
		},
		"components": {
			"minecraft:type_family": {
				"family": [
					"white_spike",
					"monster",
					"alien"
				]
			},
			"minecraft:collision_box": {
				"width": 1.9,
				"height": 2.3
			},
			"minecraft:breathable": {
				"breathes_air": true,
				"breathes_water": false,
				"total_supply": 300,
				"inhale_time": 5,
				"generates_bubbles": false
			},
			"minecraft:navigation.generic": {
				"is_amphibious": false,
				"can_path_over_water": true,
				"avoid_water": false,
				"can_swim": true,
				"avoid_damage_blocks": true,
				"can_sink": true,
				"can_break_doors": true,
				"can_open_doors": false,
				"avoid_sun": false,
				"can_pass_doors": true
			},
			"minecraft:movement.generic": {},
			"minecraft:ambient_sound_interval": {
				"event_name": "ambient",
				"range": 4,
				"value": 2
			},
			"minecraft:jump.static": {
				"jump_power": 0.6
			},
			"minecraft:behavior.delayed_attack": {
				"attack_duration": 0.5,
				"hit_delay_pct": 0.5,
				"speed_multiplier": 1.75,
				"track_target": true,
				"reach_multiplier": 1.2,
				"priority": 3
			},
			"minecraft:behavior.look_at_player": {
				"priority": 8,
				"look_distance": 6,
				"probability": 0.01
			},
			"minecraft:behavior.random_stroll": {
				"priority": 7,
				"speed_multiplier": 1.25
			},
			"minecraft:behavior.random_look_around": {
				"priority": 9
			},
			"minecraft:pushable": {
				"is_pushable": true,
				"is_pushable_by_piston": true
			},
			"minecraft:underwater_movement": {
				"value": 0.1
			},
			"minecraft:on_target_acquired": {
				"event": "alert_others",
				"target": "self"
			},
			"minecraft:damage_sensor": {
				"triggers": {
					"cause": "projectile",
					"deals_damage": false
				}
			},
			"minecraft:despawn": {},
			"minecraft:physics": {},
			"minecraft:behavior.hurt_by_target": {
				"alert_same_type": true,
				"priority": 0
			},
			"minecraft:conditional_bandwidth_optimization": {}
		},
		"events": {
			"minecraft:entity_spawned": {
				"randomize": [
					{
						"add": {
							"component_groups": [
								"white_spike_female",
								"white_spike_melee"
							]
						},
						"weight": 10
					},
					{
						"add": {
							"component_groups": [
								"white_spike_male",
								"white_spike_ranged"
							]
						},
						"weight": 280
					},
					{
						"add": {
							"component_groups": [
								"white_spike_baby_female"
							]
						},
						"weight": 10
					},
					{
						"add": {
							"component_groups": [
								"white_spike_baby_male"
							]
						},
						"weight": 20
					}
				]
			},
			"grow_up_female": {
				"add": {
					"component_groups": [
						"white_spike_female",
						"white_spike_melee"
					]
				},
				"remove": {
					"component_groups": [
						"white_spike_baby_female"
					]
				}
			},
			"grow_up_male": {
				"add": {
					"component_groups": [
						"white_spike_male",
						"white_spike_melee"
					]
				},
				"remove": {
					"component_groups": [
						"white_spike_baby_male"
					]
				}
			},
			"alert_others": {
				"add": {
					"component_groups": [
						"angry"
					]
				}
			},
			"calm_event": {
				"remove": {
					"component_groups": [
						"angry"
					]
				}
			},
			"spawn_female": {
				"add": {
					"component_groups": [
						"white_spike_female",
						"white_spike_melee"
					]
				}
			},
			"spawn_male": {
				"randomize": [
					{
						"add": {
							"component_groups": [
								"white_spike_male",
								"white_spike_melee"
							]
						},
						"weight": 40
					},
					{
						"add": {
							"component_groups": [
								"white_spike_baby_male"
							]
						},
						"weight": 100
					}
				]
			},
			"switch_to_ranged": {
				"remove": {
					"component_groups": [
						"white_spike_melee"
					]
				},
				"add": {
					"component_groups": [
						"white_spike_ranged"
					]
				}
			},
			"switch_to_melee": {
				"remove": {
					"component_groups": [
						"white_spike_ranged"
					]
				},
				"add": {
					"component_groups": [
						"white_spike_melee"
					]
				}
			}
		}
	}
}