{
	"format_version": "1.16.0",
	"minecraft:entity": {
		"description": {
			"identifier": "rab:wizard",
			"is_spawnable": true,
			"is_summonable": true,
			"is_experimental": false
		},
		"component_groups": {
			"wizard_rogue": {
				"minecraft:health": {
					"value": 24,
					"max": 175
				},
				"minecraft:home": {
					"restriction_radius": 48
				},
				"minecraft:shareables": {
					"items": [
						{
							"item": "rab:jade_dragon_heart",
							"priority": 1,
							"stored_in_inventory": true,
							"consume_item": true,
							"admire": true,
							"barter": true
						},
						{
							"item": "minecraft:enchanted_golden_apple",
							"priority": 1,
							"consume_item": true,
							"admire": true,
							"barter": true
						}
					]
				},
				"minecraft:behavior.hurt_by_target": {
					"priority": 1
				},
				"minecraft:tameable": {
					"probability": 1,
					"tame_items": [
						"minecraft:golden_apple"
					],
					"tame_event": {
						"event": "hire_wizard",
						"target": "self"
					}
				}
			},
			"wizard_hired": {
				"minecraft:is_tamed": {},
				"minecraft:behavior.follow_owner": {
					"priority": 5,
					"speed_multiplier": 0.6,
					"start_distance": 10,
					"stop_distance": 3
				},
				"minecraft:health": {
					"value": 175,
					"max": 175
				},
				"minecraft:behavior.owner_hurt_by_target": {
					"priority": 4
				},
				"minecraft:behavior.owner_hurt_target": {
					"priority": 5
				},
				"minecraft:healable": {
					"items": [
						{
							"item": "bread",
							"heal_amount": 2
						},
						{
							"item": "cooked_chicken",
							"heal_amount": 3
						},
						{
							"item": "cooked_beef",
							"heal_amount": 4
						},
						{
							"item": "cooked_mutton",
							"heal_amount": 3
						},
						{
							"item": "golden_carrot",
							"heal_amount": 15
						},
						{
							"item": "golden_apple",
							"heal_amount": 30
						},
						{
							"item": "enchanted_golden_apple",
							"heal_amount": 75
						}
					]
				},
				"minecraft:shareables": {
					"items": [
						{
							"item": "minecraft:enchanted_golden_apple",
							"priority": 1,
							"consume_item": true,
							"admire": true,
							"barter": true
						}
					]
				}
			},
			"wizard_interactable": {
				"minecraft:interact": {
					"interactions": [
						{
							"on_interact": {
								"filters": {
									"all_of": [
										{
											"test": "has_equipment",
											"subject": "other",
											"domain": "hand",
											"value": "rab:jade_dragon_heart"
										},
										{
											"test": "is_family",
											"subject": "other",
											"value": "player"
										}
									]
								}
							},
							"swing": true,
							"admire": true,
							"barter": true,
							"use_item": true,
							"cooldown_after_being_attacked": 20,
							"interact_text": "action.interact.barter"
						},
						{
							"on_interact": {
								"filters": {
									"all_of": [
										{
											"test": "has_equipment",
											"subject": "other",
											"domain": "hand",
											"value": "minecraft:enchanted_golden_apple"
										},
										{
											"test": "is_family",
											"subject": "other",
											"value": "player"
										}
									]
								}
							},
							"swing": true,
							"admire": true,
							"barter": true,
							"use_item": true,
							"cooldown_after_being_attacked": 20,
							"interact_text": "action.interact.barter"
						}
					]
				}
			}
		},
		"components": {
			"minecraft:is_hidden_when_invisible": {},
			"minecraft:experience_reward": {
				"on_death": "10"
			},
			"minecraft:type_family": {
				"family": [
					"wizard",
					"mob",
					"villager"
				]
			},
			"minecraft:breathable": {
				"total_supply": 15,
				"suffocate_time": 0
			},
			"minecraft:nameable": {},
			"minecraft:annotation.open_door": {},
			"minecraft:behavior.restrict_open_door": {},
			"minecraft:behavior.open_door": {
				"priority": 3,
				"close_door_after": true
			},
			"minecraft:hurt_on_condition": {
				"damage_conditions": [
					{
						"filters": {
							"test": "in_lava",
							"subject": "self",
							"operator": "==",
							"value": true
						},
						"cause": "lava",
						"damage_per_tick": 4
					}
				]
			},
			"minecraft:collision_box": {
				"width": 0.6,
				"height": 1.9
			},
			"minecraft:behavior.sleep": {
				"priority": 10,
				"goal_radius": 32,
				"cooldown_time": 600,
				"sleep_collider_width": 1,
				"sleep_collider_height": 2,
				"speed_multiplier": 1.3,
				"sleep_y_offset": 0.3,
				"timeout_cooldown": 8
			},
			"minecraft:movement": {
				"value": 0.5
			},
			"minecraft:navigation.walk": {
				"can_path_over_water": true,
				"can_pass_doors": true,
				"can_open_doors": true,
				"avoid_water": true
			},
			"minecraft:movement.basic": {},
			"minecraft:jump.static": {},
			"minecraft:can_climb": {},
			"minecraft:behavior.float": {
				"priority": 0
			},
			"minecraft:behavior.summon_entity": {
				"priority": 2,
				"summon_choices": [
					{
						"weight": 9,
						"cooldown_time": 15,
						"cast_duration": 2,
						"sequence": [
							{
								"shape": "circle",
								"target": "self",
								"base_delay": 2,
								"num_entities_spawned": 3,
								"entity_type": "rab:wizard_vex",
								"summon_cap": 8,
								"summon_cap_radius": 16,
								"size": 0.5,
								"sound_event": "prepare.summon"
							}
						]
					}
				]
			},
			"minecraft:behavior.send_event": {
				"priority": 3,
				"event_choices": [
					{
						"min_activation_range": 0,
						"max_activation_range": 16,
						"cooldown_time": 5,
						"cast_duration": 3,
						"particle_color": "#FFB38033",
						"weight": 3,
						"filters": {
							"all_of": [
								{
									"test": "is_family",
									"subject": "other",
									"value": "sheep"
								},
								{
									"test": "is_color",
									"subject": "other",
									"value": "white"
								}
							]
						},
						"start_sound_event": "cast.spell",
						"sequence": [
							{
								"base_delay": 2,
								"event": "wololo",
								"sound_event": "prepare.wololo"
							}
						]
					}
				]
			},
			"minecraft:behavior.avoid_mob_type": {
				"priority": 5,
				"entity_types": [
					{
						"filters": {
							"test": "is_family",
							"subject": "other",
							"value": "dragon"
						},
						"max_dist": 8,
						"walk_speed_multiplier": 0.6,
						"sprint_speed_multiplier": 0.6
					},
					{
						"filters": {
							"test": "is_family",
							"subject": "other",
							"value": "zombie"
						},
						"max_dist": 8,
						"walk_speed_multiplier": 0.6,
						"sprint_speed_multiplier": 0.6
					}
				]
			},
			"minecraft:behavior.random_stroll": {
				"priority": 8,
				"speed_multiplier": 0.6
			},
			"minecraft:behavior.nearest_attackable_target": {
				"priority": 3,
				"entity_types": [
					{
						"filters": {
							"all_of": [
								{
									"test": "is_family",
									"subject": "other",
									"operator": "!=",
									"value": "creeper"
								},
								{
									"test": "is_family",
									"subject": "other",
									"operator": "!=",
									"value": "player"
								},
								{
									"test": "is_family",
									"subject": "other",
									"value": "monster"
								}
							]
						},
						"max_dist": 20
					},
					{
						"filters": {
							"all_of": [
								{
									"test": "is_family",
									"subject": "other",
									"value": "dragon"
								}
							]
						},
						"max_dist": 64
					},
					{
						"filters": {
							"any_of": [
								{
									"test": "has_container_open",
									"subject": "other",
									"operator": "==",
									"value": true
								}
							]
						},
						"max_dist": 16
					}
				],
				"must_see": true
			},
			"minecraft:barter": {
				"barter_table": "loot_tables/entities/wizard_barter.json",
				"cooldown_after_being_attacked": 20
			},
			"minecraft:behavior.barter": {
				"priority": 3
			},
			"minecraft:inventory": {
				"inventory_size": 8,
				"private": true,
				"container_type": "inventory"
			},
			"minecraft:behavior.pickup_items": {
				"priority": 7,
				"max_dist": 10,
				"goal_radius": 2,
				"speed_multiplier": 0.7,
				"pickup_based_on_chance": false,
				"can_pickup_any_item": false,
				"cooldown_after_being_attacked": 10
			},
			"minecraft:behavior.tempt": {
				"priority": 5,
				"within_radius": 16,
				"speed_multiplier": 0.6,
				"items": [
					"rab:jade_dragon_heart",
					"minecraft:enchanted_golden_apple"
				]
			},
			"minecraft:admire_item": {
				"duration": 5,
				"cooldown_after_being_attacked": 20
			},
			"minecraft:behavior.admire_item": {
				"priority": 2,
				"on_admire_item_start": {
					"event": "wizard_admiring",
					"target": "self"
				},
				"on_admire_item_stop": {
					"event": "wizard_not_admiring",
					"target": "self"
				}
			},
			"minecraft:equip_item": {},
			"minecraft:behavior.equip_item": {
				"priority": 5
			},
			"minecraft:behavior.look_at_player": {
				"priority": 10,
				"look_distance": 5,
				"probability": 1
			},
			"minecraft:behavior.random_look_around": {
				"priority": 9
			},
			"minecraft:damage_sensor": {
				"triggers": {
					"cause": "entity_attack",
					"on_damage": {
						"filters": {
							"all_of": [
								{
									"test": "is_family",
									"subject": "other",
									"value": "player"
								}
							]
						},
						"event": "fire_wizard",
						"target": "self"
					}
				}
			},
			"minecraft:persistent": {},
			"minecraft:physics": {},
			"minecraft:pushable": {
				"is_pushable": true,
				"is_pushable_by_piston": true
			},
			"minecraft:follow_range": {
				"value": 64
			},
			"minecraft:conditional_bandwidth_optimization": {}
		},
		"events": {
			"minecraft:entity_spawned": {
				"add": {
					"component_groups": [
						"wizard_rogue",
						"wizard_interactable"
					]
				}
			},
			"wizard_admiring": {
				"remove": {
					"component_groups": [
						"wizard_interactable"
					]
				}
			},
			"wizard_not_admiring": {
				"add": {
					"component_groups": [
						"wizard_interactable"
					]
				}
			},
			"hire_wizard": {
				"add": {
					"component_groups": [
						"wizard_hired"
					]
				},
				"remove": {
					"component_groups": [
						"wizard_rogue"
					]
				}
			},
			"fire_wizard": {
				"add": {
					"component_groups": [
						"wizard_rogue"
					]
				},
				"remove": {
					"component_groups": [
						"wizard_hired"
					]
				}
			}
		}
	}
}