{
	"format_version": "1.16.0",
	"minecraft:geometry": [
		{
			"description": {
				"identifier": "geometry.jade_dragon_head",
				"texture_width": 336,
				"texture_height": 336,
				"visible_bounds_width": 5,
				"visible_bounds_height": 8.5,
				"visible_bounds_offset": [
					0,
					3.75,
					0
				]
			},
			"bones": [
				{
					"name": "root",
					"pivot": [
						0,
						9,
						13
					],
					"rotation": [
						-7.5,
						0,
						0
					]
				},
				{
					"name": "head",
					"parent": "root",
					"pivot": [
						0,
						9.41958,
						17.02641
					],
					"rotation": [
						7.5,
						0,
						0
					],
					"cubes": [
						{
							"origin": [
								-10.13173,
								0.81116,
								6.05207
							],
							"size": [
								21.75,
								23,
								13
							],
							"uv": {
								"north": {
									"uv": [
										144,
										176
									],
									"uv_size": [
										22,
										23
									]
								},
								"east": {
									"uv": [
										19,
										253
									],
									"uv_size": [
										13,
										23
									]
								},
								"south": {
									"uv": [
										166,
										176
									],
									"uv_size": [
										22,
										23
									]
								},
								"west": {
									"uv": [
										177,
										255
									],
									"uv_size": [
										13,
										23
									]
								},
								"up": {
									"uv": [
										256,
										11
									],
									"uv_size": [
										22,
										13
									]
								},
								"down": {
									"uv": [
										256,
										37
									],
									"uv_size": [
										22,
										-13
									]
								}
							}
						}
					]
				},
				{
					"name": "snout",
					"parent": "head",
					"pivot": [
						-0.125,
						13.19012,
						4.89713
					],
					"cubes": [
						{
							"origin": [
								-9.13173,
								0.81116,
								-9.94793
							],
							"size": [
								18.75,
								23,
								16
							],
							"uv": {
								"north": {
									"uv": [
										96,
										192
									],
									"uv_size": [
										19,
										23
									]
								},
								"east": {
									"uv": [
										14,
										208
									],
									"uv_size": [
										16,
										23
									]
								},
								"south": {
									"uv": [
										192,
										111
									],
									"uv_size": [
										19,
										23
									]
								},
								"west": {
									"uv": [
										208,
										29
									],
									"uv_size": [
										16,
										23
									]
								},
								"up": {
									"uv": [
										0,
										253
									],
									"uv_size": [
										19,
										16
									]
								},
								"down": {
									"uv": [
										120,
										270
									],
									"uv_size": [
										19,
										-16
									]
								}
							}
						},
						{
							"origin": [
								-7.13173,
								0.81116,
								-20.94793
							],
							"size": [
								14.75,
								23,
								11
							],
							"uv": {
								"north": {
									"uv": [
										32,
										246
									],
									"uv_size": [
										15,
										23
									]
								},
								"east": {
									"uv": [
										128,
										286
									],
									"uv_size": [
										11,
										23
									]
								},
								"south": {
									"uv": [
										47,
										246
									],
									"uv_size": [
										15,
										23
									]
								},
								"west": {
									"uv": [
										139,
										287
									],
									"uv_size": [
										11,
										23
									]
								},
								"up": {
									"uv": [
										256,
										149
									],
									"uv_size": [
										15,
										11
									]
								},
								"down": {
									"uv": [
										290,
										209
									],
									"uv_size": [
										15,
										-11
									]
								}
							}
						}
					]
				},
				{
					"name": "whiskers",
					"parent": "snout",
					"pivot": [
						-0.125,
						7.19012,
						139.89713
					]
				},
				{
					"name": "left_whisker",
					"parent": "whiskers",
					"pivot": [
						6.375,
						24.19012,
						-19.60287
					],
					"cubes": [
						{
							"origin": [
								5.86827,
								23.81116,
								-19.94793
							],
							"size": [
								0.75,
								12,
								0.75
							],
							"uv": {
								"north": {
									"uv": [
										91,
										269
									],
									"uv_size": [
										1,
										12
									]
								},
								"east": {
									"uv": [
										271,
										149
									],
									"uv_size": [
										1,
										12
									]
								},
								"south": {
									"uv": [
										211,
										295
									],
									"uv_size": [
										1,
										12
									]
								},
								"west": {
									"uv": [
										74,
										301
									],
									"uv_size": [
										1,
										12
									]
								},
								"up": {
									"uv": [
										176,
										63
									],
									"uv_size": [
										1,
										1
									]
								},
								"down": {
									"uv": [
										176,
										112
									],
									"uv_size": [
										1,
										-1
									]
								}
							}
						}
					]
				},
				{
					"name": "w_segment1",
					"parent": "left_whisker",
					"pivot": [
						6.375,
						35.94012,
						-19.60287
					],
					"cubes": [
						{
							"origin": [
								5.86827,
								35.81116,
								-19.94793
							],
							"size": [
								0.75,
								12,
								0.75
							],
							"uv": {
								"north": {
									"uv": [
										302,
										306
									],
									"uv_size": [
										1,
										12
									]
								},
								"east": {
									"uv": [
										211,
										307
									],
									"uv_size": [
										1,
										12
									]
								},
								"south": {
									"uv": [
										282,
										308
									],
									"uv_size": [
										1,
										12
									]
								},
								"west": {
									"uv": [
										283,
										308
									],
									"uv_size": [
										1,
										12
									]
								},
								"up": {
									"uv": [
										177,
										63
									],
									"uv_size": [
										1,
										1
									]
								},
								"down": {
									"uv": [
										177,
										112
									],
									"uv_size": [
										1,
										-1
									]
								}
							}
						}
					]
				},
				{
					"name": "w_segment2",
					"parent": "w_segment1",
					"pivot": [
						6.375,
						47.69012,
						-19.60287
					],
					"cubes": [
						{
							"origin": [
								5.86827,
								47.81116,
								-19.94793
							],
							"size": [
								0.75,
								12,
								0.75
							],
							"uv": {
								"north": {
									"uv": [
										284,
										308
									],
									"uv_size": [
										1,
										12
									]
								},
								"east": {
									"uv": [
										285,
										308
									],
									"uv_size": [
										1,
										12
									]
								},
								"south": {
									"uv": [
										286,
										308
									],
									"uv_size": [
										1,
										12
									]
								},
								"west": {
									"uv": [
										287,
										308
									],
									"uv_size": [
										1,
										12
									]
								},
								"up": {
									"uv": [
										178,
										63
									],
									"uv_size": [
										1,
										1
									]
								},
								"down": {
									"uv": [
										178,
										112
									],
									"uv_size": [
										1,
										-1
									]
								}
							}
						}
					]
				},
				{
					"name": "w_segment3",
					"parent": "w_segment2",
					"pivot": [
						6.375,
						59.44012,
						-19.60287
					],
					"cubes": [
						{
							"origin": [
								5.86827,
								59.81116,
								-19.94793
							],
							"size": [
								0.75,
								12,
								0.75
							],
							"uv": {
								"north": {
									"uv": [
										288,
										308
									],
									"uv_size": [
										1,
										12
									]
								},
								"east": {
									"uv": [
										289,
										308
									],
									"uv_size": [
										1,
										12
									]
								},
								"south": {
									"uv": [
										290,
										308
									],
									"uv_size": [
										1,
										12
									]
								},
								"west": {
									"uv": [
										291,
										308
									],
									"uv_size": [
										1,
										12
									]
								},
								"up": {
									"uv": [
										179,
										63
									],
									"uv_size": [
										1,
										1
									]
								},
								"down": {
									"uv": [
										179,
										112
									],
									"uv_size": [
										1,
										-1
									]
								}
							}
						}
					]
				},
				{
					"name": "w_segment4",
					"parent": "w_segment3",
					"pivot": [
						6.375,
						71.44012,
						-19.60287
					],
					"cubes": [
						{
							"origin": [
								5.86827,
								71.81116,
								-19.94793
							],
							"size": [
								0.75,
								12,
								0.75
							],
							"uv": {
								"north": {
									"uv": [
										0,
										309
									],
									"uv_size": [
										1,
										12
									]
								},
								"east": {
									"uv": [
										1,
										309
									],
									"uv_size": [
										1,
										12
									]
								},
								"south": {
									"uv": [
										2,
										309
									],
									"uv_size": [
										1,
										12
									]
								},
								"west": {
									"uv": [
										3,
										309
									],
									"uv_size": [
										1,
										12
									]
								},
								"up": {
									"uv": [
										180,
										63
									],
									"uv_size": [
										1,
										1
									]
								},
								"down": {
									"uv": [
										180,
										112
									],
									"uv_size": [
										1,
										-1
									]
								}
							}
						}
					]
				},
				{
					"name": "w_segment5",
					"parent": "w_segment4",
					"pivot": [
						6.375,
						83.69012,
						-19.60287
					],
					"cubes": [
						{
							"origin": [
								5.86827,
								83.81116,
								-19.94793
							],
							"size": [
								0.75,
								12,
								0.75
							],
							"uv": {
								"north": {
									"uv": [
										4,
										309
									],
									"uv_size": [
										1,
										12
									]
								},
								"east": {
									"uv": [
										5,
										309
									],
									"uv_size": [
										1,
										12
									]
								},
								"south": {
									"uv": [
										6,
										309
									],
									"uv_size": [
										1,
										12
									]
								},
								"west": {
									"uv": [
										7,
										309
									],
									"uv_size": [
										1,
										12
									]
								},
								"up": {
									"uv": [
										181,
										63
									],
									"uv_size": [
										1,
										1
									]
								},
								"down": {
									"uv": [
										181,
										112
									],
									"uv_size": [
										1,
										-1
									]
								}
							}
						}
					]
				},
				{
					"name": "w_segment6",
					"parent": "w_segment5",
					"pivot": [
						6.375,
						95.69012,
						-19.60287
					],
					"cubes": [
						{
							"origin": [
								5.86827,
								95.81116,
								-19.94793
							],
							"size": [
								0.75,
								12,
								0.75
							],
							"uv": {
								"north": {
									"uv": [
										8,
										309
									],
									"uv_size": [
										1,
										12
									]
								},
								"east": {
									"uv": [
										9,
										309
									],
									"uv_size": [
										1,
										12
									]
								},
								"south": {
									"uv": [
										10,
										309
									],
									"uv_size": [
										1,
										12
									]
								},
								"west": {
									"uv": [
										309,
										76
									],
									"uv_size": [
										1,
										12
									]
								},
								"up": {
									"uv": [
										182,
										63
									],
									"uv_size": [
										1,
										1
									]
								},
								"down": {
									"uv": [
										182,
										112
									],
									"uv_size": [
										1,
										-1
									]
								}
							}
						}
					]
				},
				{
					"name": "right_whisker",
					"parent": "whiskers",
					"pivot": [
						-4.375,
						24.19012,
						-19.60287
					],
					"cubes": [
						{
							"origin": [
								-4.88173,
								23.81116,
								-19.94793
							],
							"size": [
								0.75,
								12,
								0.75
							],
							"uv": {
								"north": {
									"uv": [
										92,
										269
									],
									"uv_size": [
										-1,
										12
									]
								},
								"east": {
									"uv": [
										75,
										301
									],
									"uv_size": [
										-1,
										12
									]
								},
								"south": {
									"uv": [
										212,
										295
									],
									"uv_size": [
										-1,
										12
									]
								},
								"west": {
									"uv": [
										272,
										149
									],
									"uv_size": [
										-1,
										12
									]
								},
								"up": {
									"uv": [
										177,
										63
									],
									"uv_size": [
										-1,
										1
									]
								},
								"down": {
									"uv": [
										177,
										112
									],
									"uv_size": [
										-1,
										-1
									]
								}
							}
						}
					]
				},
				{
					"name": "w_segment7",
					"parent": "right_whisker",
					"pivot": [
						-4.375,
						36.19012,
						-19.60287
					],
					"cubes": [
						{
							"origin": [
								-4.88173,
								35.81116,
								-19.94793
							],
							"size": [
								0.75,
								12,
								0.75
							],
							"uv": {
								"north": {
									"uv": [
										303,
										306
									],
									"uv_size": [
										-1,
										12
									]
								},
								"east": {
									"uv": [
										284,
										308
									],
									"uv_size": [
										-1,
										12
									]
								},
								"south": {
									"uv": [
										283,
										308
									],
									"uv_size": [
										-1,
										12
									]
								},
								"west": {
									"uv": [
										212,
										307
									],
									"uv_size": [
										-1,
										12
									]
								},
								"up": {
									"uv": [
										178,
										63
									],
									"uv_size": [
										-1,
										1
									]
								},
								"down": {
									"uv": [
										178,
										112
									],
									"uv_size": [
										-1,
										-1
									]
								}
							}
						}
					]
				},
				{
					"name": "w_segment8",
					"parent": "w_segment7",
					"pivot": [
						-4.375,
						48.19012,
						-19.60287
					],
					"cubes": [
						{
							"origin": [
								-4.88173,
								47.81116,
								-19.94793
							],
							"size": [
								0.75,
								12,
								0.75
							],
							"uv": {
								"north": {
									"uv": [
										285,
										308
									],
									"uv_size": [
										-1,
										12
									]
								},
								"east": {
									"uv": [
										288,
										308
									],
									"uv_size": [
										-1,
										12
									]
								},
								"south": {
									"uv": [
										287,
										308
									],
									"uv_size": [
										-1,
										12
									]
								},
								"west": {
									"uv": [
										286,
										308
									],
									"uv_size": [
										-1,
										12
									]
								},
								"up": {
									"uv": [
										179,
										63
									],
									"uv_size": [
										-1,
										1
									]
								},
								"down": {
									"uv": [
										179,
										112
									],
									"uv_size": [
										-1,
										-1
									]
								}
							}
						}
					]
				},
				{
					"name": "w_segment9",
					"parent": "w_segment8",
					"pivot": [
						-4.375,
						59.94012,
						-19.60287
					],
					"cubes": [
						{
							"origin": [
								-4.88173,
								59.81116,
								-19.94793
							],
							"size": [
								0.75,
								12,
								0.75
							],
							"uv": {
								"north": {
									"uv": [
										289,
										308
									],
									"uv_size": [
										-1,
										12
									]
								},
								"east": {
									"uv": [
										292,
										308
									],
									"uv_size": [
										-1,
										12
									]
								},
								"south": {
									"uv": [
										291,
										308
									],
									"uv_size": [
										-1,
										12
									]
								},
								"west": {
									"uv": [
										290,
										308
									],
									"uv_size": [
										-1,
										12
									]
								},
								"up": {
									"uv": [
										180,
										63
									],
									"uv_size": [
										-1,
										1
									]
								},
								"down": {
									"uv": [
										180,
										112
									],
									"uv_size": [
										-1,
										-1
									]
								}
							}
						}
					]
				},
				{
					"name": "w_segment10",
					"parent": "w_segment9",
					"pivot": [
						-4.625,
						71.94012,
						-19.60287
					],
					"cubes": [
						{
							"origin": [
								-4.88173,
								71.81116,
								-19.94793
							],
							"size": [
								0.75,
								12,
								0.75
							],
							"uv": {
								"north": {
									"uv": [
										1,
										309
									],
									"uv_size": [
										-1,
										12
									]
								},
								"east": {
									"uv": [
										4,
										309
									],
									"uv_size": [
										-1,
										12
									]
								},
								"south": {
									"uv": [
										3,
										309
									],
									"uv_size": [
										-1,
										12
									]
								},
								"west": {
									"uv": [
										2,
										309
									],
									"uv_size": [
										-1,
										12
									]
								},
								"up": {
									"uv": [
										181,
										63
									],
									"uv_size": [
										-1,
										1
									]
								},
								"down": {
									"uv": [
										181,
										112
									],
									"uv_size": [
										-1,
										-1
									]
								}
							}
						}
					]
				},
				{
					"name": "w_segment11",
					"parent": "w_segment10",
					"pivot": [
						-4.475,
						83.94012,
						-19.60287
					],
					"cubes": [
						{
							"origin": [
								-4.88173,
								83.81116,
								-19.94793
							],
							"size": [
								0.75,
								12,
								0.75
							],
							"uv": {
								"north": {
									"uv": [
										5,
										309
									],
									"uv_size": [
										-1,
										12
									]
								},
								"east": {
									"uv": [
										8,
										309
									],
									"uv_size": [
										-1,
										12
									]
								},
								"south": {
									"uv": [
										7,
										309
									],
									"uv_size": [
										-1,
										12
									]
								},
								"west": {
									"uv": [
										6,
										309
									],
									"uv_size": [
										-1,
										12
									]
								},
								"up": {
									"uv": [
										182,
										63
									],
									"uv_size": [
										-1,
										1
									]
								},
								"down": {
									"uv": [
										182,
										112
									],
									"uv_size": [
										-1,
										-1
									]
								}
							}
						}
					]
				},
				{
					"name": "w_segment12",
					"parent": "w_segment11",
					"pivot": [
						-4.625,
						95.94012,
						-19.60287
					],
					"cubes": [
						{
							"origin": [
								-4.88173,
								95.81116,
								-19.94793
							],
							"size": [
								0.75,
								12,
								0.75
							],
							"uv": {
								"north": {
									"uv": [
										9,
										309
									],
									"uv_size": [
										-1,
										12
									]
								},
								"east": {
									"uv": [
										310,
										76
									],
									"uv_size": [
										-1,
										12
									]
								},
								"south": {
									"uv": [
										11,
										309
									],
									"uv_size": [
										-1,
										12
									]
								},
								"west": {
									"uv": [
										10,
										309
									],
									"uv_size": [
										-1,
										12
									]
								},
								"up": {
									"uv": [
										183,
										63
									],
									"uv_size": [
										-1,
										1
									]
								},
								"down": {
									"uv": [
										183,
										112
									],
									"uv_size": [
										-1,
										-1
									]
								}
							}
						}
					]
				},
				{
					"name": "horns",
					"parent": "snout",
					"pivot": [
						-0.125,
						4.69012,
						138.39713
					],
					"rotation": [
						-9.99067,
						0.43399,
						12.46207
					]
				},
				{
					"name": "left_horn",
					"parent": "horns",
					"pivot": [
						7.75346,
						6.0582,
						138.1559
					],
					"cubes": [
						{
							"origin": [
								15.25077,
								-69.2458,
								74.41169
							],
							"size": [
								3.25,
								11,
								2.5
							],
							"pivot": [
								14.69323,
								44.52994,
								146.83122
							],
							"rotation": [
								-54.49217,
								1.61788,
								10.98822
							],
							"uv": {
								"north": {
									"uv": [
										305,
										193
									],
									"uv_size": [
										3,
										11
									]
								},
								"east": {
									"uv": [
										305,
										231
									],
									"uv_size": [
										3,
										11
									]
								},
								"south": {
									"uv": [
										296,
										306
									],
									"uv_size": [
										3,
										11
									]
								},
								"west": {
									"uv": [
										299,
										306
									],
									"uv_size": [
										3,
										11
									]
								},
								"up": {
									"uv": [
										208,
										106
									],
									"uv_size": [
										3,
										3
									]
								},
								"down": {
									"uv": [
										240,
										106
									],
									"uv_size": [
										3,
										-3
									]
								}
							}
						},
						{
							"origin": [
								2.1318,
								0.80849,
								0.00189
							],
							"size": [
								6.75,
								9,
								7
							],
							"uv": {
								"north": {
									"uv": [
										232,
										161
									],
									"uv_size": [
										7,
										9
									]
								},
								"east": {
									"uv": [
										299,
										159
									],
									"uv_size": [
										7,
										9
									]
								},
								"south": {
									"uv": [
										39,
										301
									],
									"uv_size": [
										7,
										9
									]
								},
								"west": {
									"uv": [
										46,
										301
									],
									"uv_size": [
										7,
										9
									]
								},
								"up": {
									"uv": [
										134,
										192
									],
									"uv_size": [
										7,
										7
									]
								},
								"down": {
									"uv": [
										211,
										157
									],
									"uv_size": [
										7,
										-7
									]
								}
							}
						},
						{
							"origin": [
								5.72009,
								-19.33279,
								4.55699
							],
							"size": [
								5.75,
								11,
								4
							],
							"pivot": [
								8.29538,
								16.08835,
								134.82691
							],
							"rotation": [
								-12.45392,
								1.08089,
								4.88206
							],
							"uv": {
								"north": {
									"uv": [
										272,
										0
									],
									"uv_size": [
										6,
										11
									]
								},
								"east": {
									"uv": [
										116,
										259
									],
									"uv_size": [
										4,
										11
									]
								},
								"south": {
									"uv": [
										299,
										148
									],
									"uv_size": [
										6,
										11
									]
								},
								"west": {
									"uv": [
										303,
										129
									],
									"uv_size": [
										4,
										11
									]
								},
								"up": {
									"uv": [
										208,
										11
									],
									"uv_size": [
										6,
										4
									]
								},
								"down": {
									"uv": [
										214,
										15
									],
									"uv_size": [
										6,
										-4
									]
								}
							}
						},
						{
							"origin": [
								18.88408,
								-13.70897,
								6.63823
							],
							"size": [
								5.75,
								3,
								2
							],
							"pivot": [
								5.78134,
								18.4911,
								137.40815
							],
							"rotation": [
								-10.29284,
								7.13136,
								34.3569
							],
							"uv": {
								"north": {
									"uv": [
										307,
										270
									],
									"uv_size": [
										6,
										3
									]
								},
								"east": {
									"uv": [
										14,
										204
									],
									"uv_size": [
										2,
										3
									]
								},
								"south": {
									"uv": [
										307,
										273
									],
									"uv_size": [
										6,
										3
									]
								},
								"west": {
									"uv": [
										46,
										208
									],
									"uv_size": [
										2,
										3
									]
								},
								"up": {
									"uv": [
										266,
										256
									],
									"uv_size": [
										6,
										2
									]
								},
								"down": {
									"uv": [
										272,
										55
									],
									"uv_size": [
										6,
										-2
									]
								}
							}
						},
						{
							"origin": [
								18.26611,
								-7.44921,
								7.44382
							],
							"size": [
								6.75,
								2.25,
								1.5
							],
							"pivot": [
								2.24491,
								20.97656,
								138.15255
							],
							"rotation": [
								-8.90928,
								8.80348,
								44.31282
							],
							"uv": {
								"north": {
									"uv": [
										308,
										174
									],
									"uv_size": [
										7,
										2
									]
								},
								"east": {
									"uv": [
										208,
										198
									],
									"uv_size": [
										2,
										2
									]
								},
								"south": {
									"uv": [
										308,
										176
									],
									"uv_size": [
										7,
										2
									]
								},
								"west": {
									"uv": [
										46,
										214
									],
									"uv_size": [
										2,
										2
									]
								},
								"up": {
									"uv": [
										179,
										308
									],
									"uv_size": [
										7,
										2
									]
								},
								"down": {
									"uv": [
										186,
										310
									],
									"uv_size": [
										7,
										-2
									]
								}
							}
						},
						{
							"origin": [
								20.88408,
								-2.70897,
								8.63823
							],
							"size": [
								5.75,
								3,
								2
							],
							"pivot": [
								7.78134,
								29.4911,
								139.40815
							],
							"rotation": [
								-10.29284,
								7.13136,
								34.3569
							],
							"uv": {
								"north": {
									"uv": [
										307,
										276
									],
									"uv_size": [
										6,
										3
									]
								},
								"east": {
									"uv": [
										208,
										192
									],
									"uv_size": [
										2,
										3
									]
								},
								"south": {
									"uv": [
										307,
										279
									],
									"uv_size": [
										6,
										3
									]
								},
								"west": {
									"uv": [
										208,
										195
									],
									"uv_size": [
										2,
										3
									]
								},
								"up": {
									"uv": [
										308,
										263
									],
									"uv_size": [
										6,
										2
									]
								},
								"down": {
									"uv": [
										308,
										267
									],
									"uv_size": [
										6,
										-2
									]
								}
							}
						},
						{
							"origin": [
								30.85781,
								17.21412,
								9.44383
							],
							"size": [
								6.75,
								2.25,
								1.5
							],
							"pivot": [
								4.24491,
								31.97656,
								140.15255
							],
							"rotation": [
								-3.81397,
								11.91276,
								72.10193
							],
							"uv": {
								"north": {
									"uv": [
										193,
										308
									],
									"uv_size": [
										7,
										2
									]
								},
								"east": {
									"uv": [
										66,
										222
									],
									"uv_size": [
										2,
										2
									]
								},
								"south": {
									"uv": [
										308,
										193
									],
									"uv_size": [
										7,
										2
									]
								},
								"west": {
									"uv": [
										78,
										227
									],
									"uv_size": [
										2,
										2
									]
								},
								"up": {
									"uv": [
										308,
										195
									],
									"uv_size": [
										7,
										2
									]
								},
								"down": {
									"uv": [
										308,
										199
									],
									"uv_size": [
										7,
										-2
									]
								}
							}
						},
						{
							"origin": [
								-29.35792,
								-24.14319,
								23.46661
							],
							"size": [
								5.75,
								3,
								2
							],
							"pivot": [
								12.71212,
								31.4911,
								140.65815
							],
							"rotation": [
								-23.09454,
								-15.35793,
								-31.84407
							],
							"uv": {
								"north": {
									"uv": [
										307,
										282
									],
									"uv_size": [
										6,
										3
									]
								},
								"east": {
									"uv": [
										46,
										211
									],
									"uv_size": [
										2,
										3
									]
								},
								"south": {
									"uv": [
										307,
										289
									],
									"uv_size": [
										6,
										3
									]
								},
								"west": {
									"uv": [
										132,
										215
									],
									"uv_size": [
										2,
										3
									]
								},
								"up": {
									"uv": [
										309,
										0
									],
									"uv_size": [
										6,
										2
									]
								},
								"down": {
									"uv": [
										309,
										4
									],
									"uv_size": [
										6,
										-2
									]
								}
							}
						},
						{
							"origin": [
								-49.79972,
								14.75628,
								25.02221
							],
							"size": [
								6.75,
								2.25,
								1.5
							],
							"pivot": [
								16.24855,
								33.97656,
								141.40255
							],
							"rotation": [
								-8.89674,
								-26.12797,
								-70.43162
							],
							"uv": {
								"north": {
									"uv": [
										308,
										199
									],
									"uv_size": [
										7,
										2
									]
								},
								"east": {
									"uv": [
										78,
										229
									],
									"uv_size": [
										2,
										2
									]
								},
								"south": {
									"uv": [
										200,
										308
									],
									"uv_size": [
										7,
										2
									]
								},
								"west": {
									"uv": [
										44,
										231
									],
									"uv_size": [
										2,
										2
									]
								},
								"up": {
									"uv": [
										308,
										201
									],
									"uv_size": [
										7,
										2
									]
								},
								"down": {
									"uv": [
										308,
										211
									],
									"uv_size": [
										7,
										-2
									]
								}
							}
						},
						{
							"origin": [
								-10.62776,
								-5.52143,
								6.39462
							],
							"size": [
								5.75,
								2,
								2
							],
							"pivot": [
								13.049,
								22.64767,
								137.66455
							],
							"rotation": [
								-9.97528,
								-7.57131,
								-36.83829
							],
							"uv": {
								"north": {
									"uv": [
										309,
										4
									],
									"uv_size": [
										6,
										2
									]
								},
								"east": {
									"uv": [
										94,
										231
									],
									"uv_size": [
										2,
										2
									]
								},
								"south": {
									"uv": [
										309,
										6
									],
									"uv_size": [
										6,
										2
									]
								},
								"west": {
									"uv": [
										44,
										233
									],
									"uv_size": [
										2,
										2
									]
								},
								"up": {
									"uv": [
										309,
										8
									],
									"uv_size": [
										6,
										2
									]
								},
								"down": {
									"uv": [
										309,
										18
									],
									"uv_size": [
										6,
										-2
									]
								}
							}
						},
						{
							"origin": [
								-2.94867,
								-13.02278,
								5.63823
							],
							"size": [
								3.75,
								3,
								3
							],
							"pivot": [
								10.71212,
								21.4911,
								137.40815
							],
							"rotation": [
								-11.93845,
								-3.73171,
								-17.10967
							],
							"uv": {
								"north": {
									"uv": [
										309,
										18
									],
									"uv_size": [
										4,
										3
									]
								},
								"east": {
									"uv": [
										174,
										271
									],
									"uv_size": [
										3,
										3
									]
								},
								"south": {
									"uv": [
										309,
										21
									],
									"uv_size": [
										4,
										3
									]
								},
								"west": {
									"uv": [
										272,
										93
									],
									"uv_size": [
										3,
										3
									]
								},
								"up": {
									"uv": [
										309,
										24
									],
									"uv_size": [
										4,
										3
									]
								},
								"down": {
									"uv": [
										309,
										55
									],
									"uv_size": [
										4,
										-3
									]
								}
							}
						},
						{
							"origin": [
								-98.00781,
								96.88564,
								149.18584
							],
							"size": [
								5.75,
								2,
								2
							],
							"pivot": [
								13.049,
								22.64767,
								141.66455
							],
							"rotation": [
								90.96719,
								-52.765,
								-91.73891
							],
							"uv": {
								"north": {
									"uv": [
										309,
										55
									],
									"uv_size": [
										6,
										2
									]
								},
								"east": {
									"uv": [
										94,
										233
									],
									"uv_size": [
										2,
										2
									]
								},
								"south": {
									"uv": [
										309,
										57
									],
									"uv_size": [
										6,
										2
									]
								},
								"west": {
									"uv": [
										240,
										183
									],
									"uv_size": [
										2,
										2
									]
								},
								"up": {
									"uv": [
										309,
										59
									],
									"uv_size": [
										6,
										2
									]
								},
								"down": {
									"uv": [
										309,
										63
									],
									"uv_size": [
										6,
										-2
									]
								}
							}
						},
						{
							"origin": [
								-121.07533,
								57.89239,
								147.35215
							],
							"size": [
								3.75,
								3,
								3
							],
							"pivot": [
								10.71212,
								21.4911,
								141.40815
							],
							"rotation": [
								93.46778,
								-70.90103,
								-93.16402
							],
							"uv": {
								"north": {
									"uv": [
										309,
										88
									],
									"uv_size": [
										4,
										3
									]
								},
								"east": {
									"uv": [
										161,
										287
									],
									"uv_size": [
										3,
										3
									]
								},
								"south": {
									"uv": [
										309,
										91
									],
									"uv_size": [
										4,
										3
									]
								},
								"west": {
									"uv": [
										161,
										290
									],
									"uv_size": [
										3,
										3
									]
								},
								"up": {
									"uv": [
										309,
										94
									],
									"uv_size": [
										4,
										3
									]
								},
								"down": {
									"uv": [
										309,
										100
									],
									"uv_size": [
										4,
										-3
									]
								}
							}
						},
						{
							"origin": [
								-100.69065,
								90.70651,
								108.56459
							],
							"size": [
								8.75,
								2,
								2
							],
							"pivot": [
								15.049,
								32.39767,
								142.86455
							],
							"rotation": [
								59.88793,
								-55.40045,
								-52.44437
							],
							"uv": {
								"north": {
									"uv": [
										240,
										61
									],
									"uv_size": [
										9,
										2
									]
								},
								"east": {
									"uv": [
										240,
										185
									],
									"uv_size": [
										2,
										2
									]
								},
								"south": {
									"uv": [
										291,
										139
									],
									"uv_size": [
										9,
										2
									]
								},
								"west": {
									"uv": [
										240,
										187
									],
									"uv_size": [
										2,
										2
									]
								},
								"up": {
									"uv": [
										299,
										50
									],
									"uv_size": [
										9,
										2
									]
								},
								"down": {
									"uv": [
										305,
										16
									],
									"uv_size": [
										9,
										-2
									]
								}
							}
						},
						{
							"origin": [
								-111.98653,
								74.11121,
								107.33693
							],
							"size": [
								3.75,
								3,
								3
							],
							"pivot": [
								12.71212,
								31.2411,
								142.60815
							],
							"rotation": [
								53.82674,
								-62.28329,
								-43.96252
							],
							"uv": {
								"north": {
									"uv": [
										99,
										309
									],
									"uv_size": [
										4,
										3
									]
								},
								"east": {
									"uv": [
										302,
										193
									],
									"uv_size": [
										3,
										3
									]
								},
								"south": {
									"uv": [
										309,
										100
									],
									"uv_size": [
										4,
										3
									]
								},
								"west": {
									"uv": [
										107,
										309
									],
									"uv_size": [
										3,
										3
									]
								},
								"up": {
									"uv": [
										103,
										309
									],
									"uv_size": [
										4,
										3
									]
								},
								"down": {
									"uv": [
										309,
										106
									],
									"uv_size": [
										4,
										-3
									]
								}
							}
						},
						{
							"origin": [
								75.69412,
								-71.78978,
								176.04009
							],
							"size": [
								3.75,
								3,
								3
							],
							"pivot": [
								16.71212,
								44.2411,
								143.65083
							],
							"rotation": [
								-110.10462,
								30.03713,
								-101.04064
							],
							"uv": {
								"north": {
									"uv": [
										309,
										106
									],
									"uv_size": [
										4,
										3
									]
								},
								"east": {
									"uv": [
										247,
										310
									],
									"uv_size": [
										3,
										3
									]
								},
								"south": {
									"uv": [
										309,
										109
									],
									"uv_size": [
										4,
										3
									]
								},
								"west": {
									"uv": [
										250,
										310
									],
									"uv_size": [
										3,
										3
									]
								},
								"up": {
									"uv": [
										309,
										112
									],
									"uv_size": [
										4,
										3
									]
								},
								"down": {
									"uv": [
										309,
										118
									],
									"uv_size": [
										4,
										-3
									]
								}
							}
						},
						{
							"origin": [
								13.31656,
								-87.40778,
								169.23076
							],
							"size": [
								4.75,
								2,
								2
							],
							"pivot": [
								19.049,
								45.39767,
								143.39443
							],
							"rotation": [
								-105.16393,
								1.06556,
								-90.13571
							],
							"uv": {
								"north": {
									"uv": [
										235,
										50
									],
									"uv_size": [
										5,
										2
									]
								},
								"east": {
									"uv": [
										240,
										189
									],
									"uv_size": [
										2,
										2
									]
								},
								"south": {
									"uv": [
										27,
										283
									],
									"uv_size": [
										5,
										2
									]
								},
								"west": {
									"uv": [
										248,
										55
									],
									"uv_size": [
										2,
										2
									]
								},
								"up": {
									"uv": [
										283,
										35
									],
									"uv_size": [
										5,
										2
									]
								},
								"down": {
									"uv": [
										310,
										140
									],
									"uv_size": [
										5,
										-2
									]
								}
							}
						},
						{
							"origin": [
								9.60856,
								-98.54345,
								164.85762
							],
							"size": [
								4.75,
								2,
								2
							],
							"pivot": [
								16.799,
								33.89767,
								137.39443
							],
							"rotation": [
								-105.16393,
								1.06556,
								-77.63571
							],
							"uv": {
								"north": {
									"uv": [
										180,
										310
									],
									"uv_size": [
										5,
										2
									]
								},
								"east": {
									"uv": [
										248,
										57
									],
									"uv_size": [
										2,
										2
									]
								},
								"south": {
									"uv": [
										185,
										310
									],
									"uv_size": [
										5,
										2
									]
								},
								"west": {
									"uv": [
										248,
										59
									],
									"uv_size": [
										2,
										2
									]
								},
								"up": {
									"uv": [
										190,
										310
									],
									"uv_size": [
										5,
										2
									]
								},
								"down": {
									"uv": [
										195,
										312
									],
									"uv_size": [
										5,
										-2
									]
								}
							}
						},
						{
							"origin": [
								72.82148,
								-83.17694,
								171.39576
							],
							"size": [
								3.75,
								3,
								3
							],
							"pivot": [
								14.46212,
								32.7411,
								137.65083
							],
							"rotation": [
								-110.10462,
								30.03713,
								-88.54064
							],
							"uv": {
								"north": {
									"uv": [
										309,
										118
									],
									"uv_size": [
										4,
										3
									]
								},
								"east": {
									"uv": [
										253,
										310
									],
									"uv_size": [
										3,
										3
									]
								},
								"south": {
									"uv": [
										309,
										121
									],
									"uv_size": [
										4,
										3
									]
								},
								"west": {
									"uv": [
										307,
										310
									],
									"uv_size": [
										3,
										3
									]
								},
								"up": {
									"uv": [
										309,
										124
									],
									"uv_size": [
										4,
										3
									]
								},
								"down": {
									"uv": [
										128,
										312
									],
									"uv_size": [
										4,
										-3
									]
								}
							}
						},
						{
							"origin": [
								-94.25781,
								114.63564,
								154.18584
							],
							"size": [
								3.75,
								2,
								2
							],
							"pivot": [
								17.299,
								40.64767,
								146.66455
							],
							"rotation": [
								90.96719,
								-52.765,
								-91.73891
							],
							"uv": {
								"north": {
									"uv": [
										92,
										246
									],
									"uv_size": [
										4,
										2
									]
								},
								"east": {
									"uv": [
										266,
										247
									],
									"uv_size": [
										2,
										2
									]
								},
								"south": {
									"uv": [
										112,
										284
									],
									"uv_size": [
										4,
										2
									]
								},
								"west": {
									"uv": [
										17,
										269
									],
									"uv_size": [
										2,
										2
									]
								},
								"up": {
									"uv": [
										64,
										312
									],
									"uv_size": [
										4,
										2
									]
								},
								"down": {
									"uv": [
										68,
										314
									],
									"uv_size": [
										4,
										-2
									]
								}
							}
						},
						{
							"origin": [
								-119.68811,
								58.67592,
								152.35216
							],
							"size": [
								2.75,
								3,
								3
							],
							"pivot": [
								14.96212,
								39.4911,
								146.40815
							],
							"rotation": [
								95.63839,
								-78.37877,
								-95.41022
							],
							"uv": {
								"north": {
									"uv": [
										310,
										310
									],
									"uv_size": [
										3,
										3
									]
								},
								"east": {
									"uv": [
										311,
										10
									],
									"uv_size": [
										3,
										3
									]
								},
								"south": {
									"uv": [
										311,
										44
									],
									"uv_size": [
										3,
										3
									]
								},
								"west": {
									"uv": [
										311,
										47
									],
									"uv_size": [
										3,
										3
									]
								},
								"up": {
									"uv": [
										75,
										311
									],
									"uv_size": [
										3,
										3
									]
								},
								"down": {
									"uv": [
										78,
										314
									],
									"uv_size": [
										3,
										-3
									]
								}
							}
						},
						{
							"origin": [
								18.75176,
								-30.4476,
								14.65588
							],
							"size": [
								4.75,
								11,
								3.5
							],
							"pivot": [
								8.29538,
								25.76436,
								137.35076
							],
							"rotation": [
								-21.80633,
								5.68422,
								13.9042
							],
							"uv": {
								"north": {
									"uv": [
										274,
										213
									],
									"uv_size": [
										5,
										11
									]
								},
								"east": {
									"uv": [
										303,
										289
									],
									"uv_size": [
										4,
										11
									]
								},
								"south": {
									"uv": [
										75,
										285
									],
									"uv_size": [
										5,
										11
									]
								},
								"west": {
									"uv": [
										303,
										300
									],
									"uv_size": [
										4,
										11
									]
								},
								"up": {
									"uv": [
										89,
										231
									],
									"uv_size": [
										5,
										4
									]
								},
								"down": {
									"uv": [
										27,
										280
									],
									"uv_size": [
										5,
										-4
									]
								}
							}
						},
						{
							"origin": [
								21.83306,
								-45.61042,
								33.77557
							],
							"size": [
								4.25,
								11,
								3
							],
							"pivot": [
								11.69992,
								35.72503,
								140.71809
							],
							"rotation": [
								-34.30633,
								5.68422,
								13.9042
							],
							"uv": {
								"north": {
									"uv": [
										304,
										168
									],
									"uv_size": [
										4,
										11
									]
								},
								"east": {
									"uv": [
										85,
										307
									],
									"uv_size": [
										3,
										11
									]
								},
								"south": {
									"uv": [
										304,
										245
									],
									"uv_size": [
										4,
										11
									]
								},
								"west": {
									"uv": [
										88,
										307
									],
									"uv_size": [
										3,
										11
									]
								},
								"up": {
									"uv": [
										132,
										309
									],
									"uv_size": [
										4,
										3
									]
								},
								"down": {
									"uv": [
										260,
										312
									],
									"uv_size": [
										4,
										-3
									]
								}
							}
						}
					]
				},
				{
					"name": "right_horn",
					"parent": "horns",
					"pivot": [
						-7.99654,
						2.5582,
						138.1559
					],
					"rotation": [
						0,
						0,
						-27.5
					],
					"cubes": [
						{
							"origin": [
								-24.63576,
								-70.52811,
								71.67446
							],
							"size": [
								3.25,
								11,
								2.5
							],
							"pivot": [
								-13.19976,
								41.02994,
								146.83122
							],
							"rotation": [
								-54.49217,
								-1.61788,
								-10.98822
							],
							"uv": {
								"north": {
									"uv": [
										91,
										307
									],
									"uv_size": [
										3,
										11
									]
								},
								"east": {
									"uv": [
										94,
										307
									],
									"uv_size": [
										3,
										11
									]
								},
								"south": {
									"uv": [
										307,
										129
									],
									"uv_size": [
										3,
										11
									]
								},
								"west": {
									"uv": [
										161,
										307
									],
									"uv_size": [
										3,
										11
									]
								},
								"up": {
									"uv": [
										81,
										311
									],
									"uv_size": [
										3,
										3
									]
								},
								"down": {
									"uv": [
										311,
										206
									],
									"uv_size": [
										3,
										-3
									]
								}
							}
						},
						{
							"origin": [
								-15.55014,
								-0.69433,
								0.00189
							],
							"size": [
								6.75,
								9,
								7
							],
							"uv": {
								"north": {
									"uv": [
										53,
										301
									],
									"uv_size": [
										7,
										9
									]
								},
								"east": {
									"uv": [
										60,
										301
									],
									"uv_size": [
										7,
										9
									]
								},
								"south": {
									"uv": [
										67,
										301
									],
									"uv_size": [
										7,
										9
									]
								},
								"west": {
									"uv": [
										302,
										76
									],
									"uv_size": [
										7,
										9
									]
								},
								"up": {
									"uv": [
										46,
										216
									],
									"uv_size": [
										7,
										7
									]
								},
								"down": {
									"uv": [
										53,
										223
									],
									"uv_size": [
										7,
										-7
									]
								}
							}
						},
						{
							"origin": [
								-17.93744,
								-20.17902,
								4.12472
							],
							"size": [
								5.75,
								11,
								4
							],
							"pivot": [
								-6.80192,
								12.58835,
								134.82691
							],
							"rotation": [
								-12.45392,
								-1.08089,
								-4.88206
							],
							"uv": {
								"north": {
									"uv": [
										27,
										301
									],
									"uv_size": [
										6,
										11
									]
								},
								"east": {
									"uv": [
										304,
										256
									],
									"uv_size": [
										4,
										11
									]
								},
								"south": {
									"uv": [
										33,
										301
									],
									"uv_size": [
										6,
										11
									]
								},
								"west": {
									"uv": [
										305,
										0
									],
									"uv_size": [
										4,
										11
									]
								},
								"up": {
									"uv": [
										32,
										231
									],
									"uv_size": [
										6,
										4
									]
								},
								"down": {
									"uv": [
										38,
										235
									],
									"uv_size": [
										6,
										-4
									]
								}
							}
						},
						{
							"origin": [
								-28.70799,
								-10.93034,
								6.20596
							],
							"size": [
								5.75,
								3,
								2
							],
							"pivot": [
								-4.28788,
								14.9911,
								137.40815
							],
							"rotation": [
								-10.29284,
								-7.13136,
								-34.3569
							],
							"uv": {
								"north": {
									"uv": [
										307,
										292
									],
									"uv_size": [
										6,
										3
									]
								},
								"east": {
									"uv": [
										66,
										216
									],
									"uv_size": [
										2,
										3
									]
								},
								"south": {
									"uv": [
										307,
										295
									],
									"uv_size": [
										6,
										3
									]
								},
								"west": {
									"uv": [
										132,
										218
									],
									"uv_size": [
										2,
										3
									]
								},
								"up": {
									"uv": [
										309,
										127
									],
									"uv_size": [
										6,
										2
									]
								},
								"down": {
									"uv": [
										264,
										311
									],
									"uv_size": [
										6,
										-2
									]
								}
							}
						},
						{
							"origin": [
								-27.91516,
								-3.7992,
								7.01156
							],
							"size": [
								6.75,
								2.25,
								1.5
							],
							"pivot": [
								-0.75145,
								17.47656,
								138.15255
							],
							"rotation": [
								-8.90928,
								-8.80348,
								-44.31282
							],
							"uv": {
								"north": {
									"uv": [
										308,
										211
									],
									"uv_size": [
										7,
										2
									]
								},
								"east": {
									"uv": [
										270,
										77
									],
									"uv_size": [
										2,
										2
									]
								},
								"south": {
									"uv": [
										308,
										213
									],
									"uv_size": [
										7,
										2
									]
								},
								"west": {
									"uv": [
										270,
										79
									],
									"uv_size": [
										2,
										2
									]
								},
								"up": {
									"uv": [
										308,
										215
									],
									"uv_size": [
										7,
										2
									]
								},
								"down": {
									"uv": [
										308,
										219
									],
									"uv_size": [
										7,
										-2
									]
								}
							}
						},
						{
							"origin": [
								-30.70799,
								0.06966,
								8.20596
							],
							"size": [
								5.75,
								3,
								2
							],
							"pivot": [
								-6.28788,
								25.9911,
								139.40815
							],
							"rotation": [
								-10.29284,
								-7.13136,
								-34.3569
							],
							"uv": {
								"north": {
									"uv": [
										307,
										298
									],
									"uv_size": [
										6,
										3
									]
								},
								"east": {
									"uv": [
										66,
										219
									],
									"uv_size": [
										2,
										3
									]
								},
								"south": {
									"uv": [
										307,
										301
									],
									"uv_size": [
										6,
										3
									]
								},
								"west": {
									"uv": [
										12,
										224
									],
									"uv_size": [
										2,
										3
									]
								},
								"up": {
									"uv": [
										270,
										309
									],
									"uv_size": [
										6,
										2
									]
								},
								"down": {
									"uv": [
										276,
										311
									],
									"uv_size": [
										6,
										-2
									]
								}
							}
						},
						{
							"origin": [
								-36.70905,
								22.0845,
								9.01156
							],
							"size": [
								6.75,
								2.25,
								1.5
							],
							"pivot": [
								-2.75145,
								28.47656,
								140.15255
							],
							"rotation": [
								-3.81397,
								-11.91276,
								-72.10193
							],
							"uv": {
								"north": {
									"uv": [
										308,
										219
									],
									"uv_size": [
										7,
										2
									]
								},
								"east": {
									"uv": [
										270,
										81
									],
									"uv_size": [
										2,
										2
									]
								},
								"south": {
									"uv": [
										308,
										221
									],
									"uv_size": [
										7,
										2
									]
								},
								"west": {
									"uv": [
										270,
										83
									],
									"uv_size": [
										2,
										2
									]
								},
								"up": {
									"uv": [
										308,
										223
									],
									"uv_size": [
										7,
										2
									]
								},
								"down": {
									"uv": [
										308,
										227
									],
									"uv_size": [
										7,
										-2
									]
								}
							}
						},
						{
							"origin": [
								17.39952,
								-30.87347,
								22.54441
							],
							"size": [
								5.75,
								3,
								2
							],
							"pivot": [
								-11.21866,
								27.9911,
								140.65815
							],
							"rotation": [
								-23.09454,
								15.35793,
								31.84407
							],
							"uv": {
								"north": {
									"uv": [
										307,
										304
									],
									"uv_size": [
										6,
										3
									]
								},
								"east": {
									"uv": [
										78,
										224
									],
									"uv_size": [
										2,
										3
									]
								},
								"south": {
									"uv": [
										307,
										307
									],
									"uv_size": [
										6,
										3
									]
								},
								"west": {
									"uv": [
										12,
										227
									],
									"uv_size": [
										2,
										3
									]
								},
								"up": {
									"uv": [
										310,
										32
									],
									"uv_size": [
										6,
										2
									]
								},
								"down": {
									"uv": [
										310,
										36
									],
									"uv_size": [
										6,
										-2
									]
								}
							}
						},
						{
							"origin": [
								40.39936,
								4.00493,
								24.10001
							],
							"size": [
								6.75,
								2.25,
								1.5
							],
							"pivot": [
								-14.75509,
								30.47656,
								141.40255
							],
							"rotation": [
								-8.89674,
								26.12797,
								70.43162
							],
							"uv": {
								"north": {
									"uv": [
										308,
										227
									],
									"uv_size": [
										7,
										2
									]
								},
								"east": {
									"uv": [
										17,
										271
									],
									"uv_size": [
										2,
										2
									]
								},
								"south": {
									"uv": [
										308,
										229
									],
									"uv_size": [
										7,
										2
									]
								},
								"west": {
									"uv": [
										272,
										181
									],
									"uv_size": [
										2,
										2
									]
								},
								"up": {
									"uv": [
										308,
										231
									],
									"uv_size": [
										7,
										2
									]
								},
								"down": {
									"uv": [
										308,
										235
									],
									"uv_size": [
										7,
										-2
									]
								}
							}
						},
						{
							"origin": [
								-1.29095,
								-12.44311,
								5.96236
							],
							"size": [
								5.75,
								2,
								2
							],
							"pivot": [
								-11.55554,
								19.14767,
								137.66455
							],
							"rotation": [
								-9.97528,
								7.57131,
								36.83829
							],
							"uv": {
								"north": {
									"uv": [
										310,
										36
									],
									"uv_size": [
										6,
										2
									]
								},
								"east": {
									"uv": [
										17,
										273
									],
									"uv_size": [
										2,
										2
									]
								},
								"south": {
									"uv": [
										310,
										38
									],
									"uv_size": [
										6,
										2
									]
								},
								"west": {
									"uv": [
										190,
										277
									],
									"uv_size": [
										2,
										2
									]
								},
								"up": {
									"uv": [
										39,
										310
									],
									"uv_size": [
										6,
										2
									]
								},
								"down": {
									"uv": [
										310,
										42
									],
									"uv_size": [
										6,
										-2
									]
								}
							}
						},
						{
							"origin": [
								-7.67824,
								-17.11749,
								5.20596
							],
							"size": [
								3.75,
								3,
								3
							],
							"pivot": [
								-9.21866,
								17.9911,
								137.40815
							],
							"rotation": [
								-11.93845,
								3.73171,
								17.10967
							],
							"uv": {
								"north": {
									"uv": [
										45,
										310
									],
									"uv_size": [
										4,
										3
									]
								},
								"east": {
									"uv": [
										311,
										241
									],
									"uv_size": [
										3,
										3
									]
								},
								"south": {
									"uv": [
										49,
										310
									],
									"uv_size": [
										4,
										3
									]
								},
								"west": {
									"uv": [
										264,
										311
									],
									"uv_size": [
										3,
										3
									]
								},
								"up": {
									"uv": [
										53,
										310
									],
									"uv_size": [
										4,
										3
									]
								},
								"down": {
									"uv": [
										57,
										313
									],
									"uv_size": [
										4,
										-3
									]
								}
							}
						},
						{
							"origin": [
								92.69323,
								94.91633,
								140.99186
							],
							"size": [
								5.75,
								2,
								2
							],
							"pivot": [
								-11.55554,
								19.14767,
								141.66455
							],
							"rotation": [
								90.96719,
								52.765,
								91.73891
							],
							"uv": {
								"north": {
									"uv": [
										310,
										42
									],
									"uv_size": [
										6,
										2
									]
								},
								"east": {
									"uv": [
										205,
										310
									],
									"uv_size": [
										2,
										2
									]
								},
								"south": {
									"uv": [
										61,
										310
									],
									"uv_size": [
										6,
										2
									]
								},
								"west": {
									"uv": [
										72,
										312
									],
									"uv_size": [
										2,
										2
									]
								},
								"up": {
									"uv": [
										67,
										310
									],
									"uv_size": [
										6,
										2
									]
								},
								"down": {
									"uv": [
										310,
										70
									],
									"uv_size": [
										6,
										-2
									]
								}
							}
						},
						{
							"origin": [
								118.31371,
								56.348,
								139.19591
							],
							"size": [
								3.75,
								3,
								3
							],
							"pivot": [
								-9.21866,
								17.9911,
								141.40815
							],
							"rotation": [
								93.46778,
								70.90103,
								93.16402
							],
							"uv": {
								"north": {
									"uv": [
										310,
										70
									],
									"uv_size": [
										4,
										3
									]
								},
								"east": {
									"uv": [
										267,
										311
									],
									"uv_size": [
										3,
										3
									]
								},
								"south": {
									"uv": [
										310,
										73
									],
									"uv_size": [
										4,
										3
									]
								},
								"west": {
									"uv": [
										270,
										311
									],
									"uv_size": [
										3,
										3
									]
								},
								"up": {
									"uv": [
										310,
										76
									],
									"uv_size": [
										4,
										3
									]
								},
								"down": {
									"uv": [
										310,
										82
									],
									"uv_size": [
										4,
										-3
									]
								}
							}
						},
						{
							"origin": [
								89.71015,
								89.24088,
								101.31219
							],
							"size": [
								8.75,
								2,
								2
							],
							"pivot": [
								-13.55554,
								28.89767,
								142.86455
							],
							"rotation": [
								59.88793,
								55.40045,
								52.44437
							],
							"uv": {
								"north": {
									"uv": [
										305,
										207
									],
									"uv_size": [
										9,
										2
									]
								},
								"east": {
									"uv": [
										215,
										312
									],
									"uv_size": [
										2,
										2
									]
								},
								"south": {
									"uv": [
										307,
										146
									],
									"uv_size": [
										9,
										2
									]
								},
								"west": {
									"uv": [
										217,
										312
									],
									"uv_size": [
										2,
										2
									]
								},
								"up": {
									"uv": [
										307,
										191
									],
									"uv_size": [
										9,
										2
									]
								},
								"down": {
									"uv": [
										308,
										52
									],
									"uv_size": [
										9,
										-2
									]
								}
							}
						},
						{
							"origin": [
								106.3528,
								73.30453,
								100.12969
							],
							"size": [
								3.75,
								3,
								3
							],
							"pivot": [
								-11.21866,
								27.7411,
								142.60815
							],
							"rotation": [
								53.82674,
								62.28329,
								43.96252
							],
							"uv": {
								"north": {
									"uv": [
										310,
										82
									],
									"uv_size": [
										4,
										3
									]
								},
								"east": {
									"uv": [
										273,
										311
									],
									"uv_size": [
										3,
										3
									]
								},
								"south": {
									"uv": [
										310,
										85
									],
									"uv_size": [
										4,
										3
									]
								},
								"west": {
									"uv": [
										276,
										311
									],
									"uv_size": [
										3,
										3
									]
								},
								"up": {
									"uv": [
										310,
										129
									],
									"uv_size": [
										4,
										3
									]
								},
								"down": {
									"uv": [
										310,
										135
									],
									"uv_size": [
										4,
										-3
									]
								}
							}
						},
						{
							"origin": [
								-78.2945,
								-72.21804,
								183.85354
							],
							"size": [
								3.75,
								3,
								3
							],
							"pivot": [
								-15.21866,
								40.7411,
								143.65083
							],
							"rotation": [
								-110.10462,
								-30.03713,
								101.04064
							],
							"uv": {
								"north": {
									"uv": [
										310,
										135
									],
									"uv_size": [
										4,
										3
									]
								},
								"east": {
									"uv": [
										279,
										311
									],
									"uv_size": [
										3,
										3
									]
								},
								"south": {
									"uv": [
										136,
										310
									],
									"uv_size": [
										4,
										3
									]
								},
								"west": {
									"uv": [
										311,
										285
									],
									"uv_size": [
										3,
										3
									]
								},
								"up": {
									"uv": [
										140,
										310
									],
									"uv_size": [
										4,
										3
									]
								},
								"down": {
									"uv": [
										144,
										313
									],
									"uv_size": [
										4,
										-3
									]
								}
							}
						},
						{
							"origin": [
								-18.55059,
								-88.73607,
								177.1033
							],
							"size": [
								4.75,
								2,
								2
							],
							"pivot": [
								-17.55554,
								41.89767,
								143.39443
							],
							"rotation": [
								-105.16393,
								-1.06556,
								90.13571
							],
							"uv": {
								"north": {
									"uv": [
										200,
										310
									],
									"uv_size": [
										5,
										2
									]
								},
								"east": {
									"uv": [
										219,
										312
									],
									"uv_size": [
										2,
										2
									]
								},
								"south": {
									"uv": [
										212,
										310
									],
									"uv_size": [
										5,
										2
									]
								},
								"west": {
									"uv": [
										221,
										312
									],
									"uv_size": [
										2,
										2
									]
								},
								"up": {
									"uv": [
										217,
										310
									],
									"uv_size": [
										5,
										2
									]
								},
								"down": {
									"uv": [
										222,
										312
									],
									"uv_size": [
										5,
										-2
									]
								}
							}
						},
						{
							"origin": [
								-16.56297,
								-100.00347,
								172.12178
							],
							"size": [
								4.75,
								2,
								2
							],
							"pivot": [
								-15.30554,
								30.39767,
								137.39443
							],
							"rotation": [
								-105.16393,
								-1.06556,
								77.63571
							],
							"uv": {
								"north": {
									"uv": [
										227,
										310
									],
									"uv_size": [
										5,
										2
									]
								},
								"east": {
									"uv": [
										223,
										312
									],
									"uv_size": [
										2,
										2
									]
								},
								"south": {
									"uv": [
										232,
										310
									],
									"uv_size": [
										5,
										2
									]
								},
								"west": {
									"uv": [
										225,
										312
									],
									"uv_size": [
										2,
										2
									]
								},
								"up": {
									"uv": [
										237,
										310
									],
									"uv_size": [
										5,
										2
									]
								},
								"down": {
									"uv": [
										242,
										312
									],
									"uv_size": [
										5,
										-2
									]
								}
							}
						},
						{
							"origin": [
								-76.98636,
								-82.85363,
								178.6307
							],
							"size": [
								3.75,
								3,
								3
							],
							"pivot": [
								-12.96866,
								29.2411,
								137.65083
							],
							"rotation": [
								-110.10462,
								-30.03713,
								88.54064
							],
							"uv": {
								"north": {
									"uv": [
										148,
										310
									],
									"uv_size": [
										4,
										3
									]
								},
								"east": {
									"uv": [
										303,
										311
									],
									"uv_size": [
										3,
										3
									]
								},
								"south": {
									"uv": [
										152,
										310
									],
									"uv_size": [
										4,
										3
									]
								},
								"west": {
									"uv": [
										27,
										312
									],
									"uv_size": [
										3,
										3
									]
								},
								"up": {
									"uv": [
										156,
										310
									],
									"uv_size": [
										4,
										3
									]
								},
								"down": {
									"uv": [
										172,
										313
									],
									"uv_size": [
										4,
										-3
									]
								}
							}
						},
						{
							"origin": [
								90.94323,
								112.66633,
								145.99186
							],
							"size": [
								3.75,
								2,
								2
							],
							"pivot": [
								-15.80554,
								37.14767,
								146.66455
							],
							"rotation": [
								90.96719,
								52.765,
								91.73891
							],
							"uv": {
								"north": {
									"uv": [
										99,
										312
									],
									"uv_size": [
										4,
										2
									]
								},
								"east": {
									"uv": [
										227,
										312
									],
									"uv_size": [
										2,
										2
									]
								},
								"south": {
									"uv": [
										103,
										312
									],
									"uv_size": [
										4,
										2
									]
								},
								"west": {
									"uv": [
										229,
										312
									],
									"uv_size": [
										2,
										2
									]
								},
								"up": {
									"uv": [
										128,
										312
									],
									"uv_size": [
										4,
										2
									]
								},
								"down": {
									"uv": [
										132,
										314
									],
									"uv_size": [
										4,
										-2
									]
								}
							}
						},
						{
							"origin": [
								118.18608,
								57.18073,
								144.19592
							],
							"size": [
								2.75,
								3,
								3
							],
							"pivot": [
								-13.46866,
								35.9911,
								146.40815
							],
							"rotation": [
								95.63839,
								78.37877,
								95.41022
							],
							"uv": {
								"north": {
									"uv": [
										30,
										312
									],
									"uv_size": [
										3,
										3
									]
								},
								"east": {
									"uv": [
										33,
										312
									],
									"uv_size": [
										3,
										3
									]
								},
								"south": {
									"uv": [
										36,
										312
									],
									"uv_size": [
										3,
										3
									]
								},
								"west": {
									"uv": [
										39,
										312
									],
									"uv_size": [
										3,
										3
									]
								},
								"up": {
									"uv": [
										42,
										312
									],
									"uv_size": [
										3,
										3
									]
								},
								"down": {
									"uv": [
										61,
										315
									],
									"uv_size": [
										3,
										-3
									]
								}
							}
						},
						{
							"origin": [
								-29.41442,
								-30.05289,
								13.89159
							],
							"size": [
								4.75,
								11,
								3.5
							],
							"pivot": [
								-6.80192,
								22.26436,
								137.35076
							],
							"rotation": [
								-21.80633,
								-5.68422,
								-13.9042
							],
							"uv": {
								"north": {
									"uv": [
										223,
										287
									],
									"uv_size": [
										5,
										11
									]
								},
								"east": {
									"uv": [
										305,
										85
									],
									"uv_size": [
										4,
										11
									]
								},
								"south": {
									"uv": [
										302,
										182
									],
									"uv_size": [
										5,
										11
									]
								},
								"west": {
									"uv": [
										305,
										96
									],
									"uv_size": [
										4,
										11
									]
								},
								"up": {
									"uv": [
										278,
										32
									],
									"uv_size": [
										5,
										4
									]
								},
								"down": {
									"uv": [
										279,
										249
									],
									"uv_size": [
										5,
										-4
									]
								}
							}
						},
						{
							"origin": [
								-31.99572,
								-45.47345,
								32.18642
							],
							"size": [
								4.25,
								11,
								3
							],
							"pivot": [
								-10.20646,
								32.22503,
								140.71809
							],
							"rotation": [
								-34.30633,
								-5.68422,
								-13.9042
							],
							"uv": {
								"north": {
									"uv": [
										305,
										107
									],
									"uv_size": [
										4,
										11
									]
								},
								"east": {
									"uv": [
										164,
										307
									],
									"uv_size": [
										3,
										11
									]
								},
								"south": {
									"uv": [
										305,
										118
									],
									"uv_size": [
										4,
										11
									]
								},
								"west": {
									"uv": [
										167,
										307
									],
									"uv_size": [
										3,
										11
									]
								},
								"up": {
									"uv": [
										176,
										310
									],
									"uv_size": [
										4,
										3
									]
								},
								"down": {
									"uv": [
										310,
										181
									],
									"uv_size": [
										4,
										-3
									]
								}
							}
						}
					]
				},
				{
					"name": "jaw",
					"parent": "head",
					"pivot": [
						0.24327,
						10.31116,
						6.30207
					],
					"cubes": [
						{
							"origin": [
								-9.13173,
								0.81116,
								-9.94793
							],
							"size": [
								18.75,
								23,
								16
							],
							"uv": {
								"north": {
									"uv": [
										115,
										192
									],
									"uv_size": [
										19,
										23
									]
								},
								"east": {
									"uv": [
										30,
										208
									],
									"uv_size": [
										16,
										23
									]
								},
								"south": {
									"uv": [
										192,
										134
									],
									"uv_size": [
										19,
										23
									]
								},
								"west": {
									"uv": [
										80,
										208
									],
									"uv_size": [
										16,
										23
									]
								},
								"up": {
									"uv": [
										139,
										254
									],
									"uv_size": [
										19,
										16
									]
								},
								"down": {
									"uv": [
										158,
										271
									],
									"uv_size": [
										19,
										-16
									]
								}
							}
						},
						{
							"origin": [
								-7.13173,
								0.81116,
								-20.94793
							],
							"size": [
								14.75,
								23,
								11
							],
							"uv": {
								"north": {
									"uv": [
										62,
										246
									],
									"uv_size": [
										15,
										23
									]
								},
								"east": {
									"uv": [
										150,
										287
									],
									"uv_size": [
										11,
										23
									]
								},
								"south": {
									"uv": [
										77,
										246
									],
									"uv_size": [
										15,
										23
									]
								},
								"west": {
									"uv": [
										212,
										287
									],
									"uv_size": [
										11,
										23
									]
								},
								"up": {
									"uv": [
										294,
										16
									],
									"uv_size": [
										15,
										11
									]
								},
								"down": {
									"uv": [
										294,
										63
									],
									"uv_size": [
										15,
										-11
									]
								}
							}
						}
					]
				}
			]
		}
	]
}