{
	"format_version": "1.12.0",
	"minecraft:geometry": [
		{
			"description": {
				"identifier": "geometry.jellyfish",
				"texture_width": 48,
				"texture_height": 48,
				"visible_bounds_width": 2,
				"visible_bounds_height": 3,
				"visible_bounds_offset": [
					0,
					0.5,
					0
				]
			},
			"bones": [
				{
					"name": "body",
					"pivot": [
						0,
						4,
						1
					],
					"rotation": [
						90,
						0,
						0
					],
					"cubes": [
						{
							"origin": [
								-3,
								10,
								-2
							],
							"size": [
								6,
								1,
								1
							],
							"uv": [
								26,
								6
							]
						},
						{
							"origin": [
								2,
								10,
								-1
							],
							"size": [
								1,
								1,
								4
							],
							"uv": [
								20,
								27
							]
						},
						{
							"origin": [
								-3,
								10,
								-1
							],
							"size": [
								1,
								1,
								4
							],
							"uv": [
								10,
								27
							]
						},
						{
							"origin": [
								-2,
								11,
								-1
							],
							"size": [
								4,
								1,
								4
							],
							"uv": [
								10,
								0
							]
						},
						{
							"origin": [
								-2,
								3,
								-1
							],
							"size": [
								4,
								7,
								4
							],
							"uv": [
								14,
								5
							]
						},
						{
							"origin": [
								-2,
								3,
								2.5
							],
							"size": [
								4,
								4,
								1.5
							],
							"pivot": [
								0,
								3,
								3
							],
							"rotation": [
								-22.5,
								0,
								0
							],
							"uv": [
								0,
								27
							]
						},
						{
							"origin": [
								-2,
								3,
								-1.25
							],
							"size": [
								4,
								4,
								1.5
							],
							"pivot": [
								0,
								3,
								-1
							],
							"rotation": [
								22.5,
								0,
								0
							],
							"uv": [
								26,
								18
							]
						},
						{
							"origin": [
								1,
								3,
								-0.5
							],
							"size": [
								1.5,
								4,
								4
							],
							"pivot": [
								1.75,
								3,
								1.5
							],
							"rotation": [
								0,
								0,
								22.5
							],
							"uv": [
								0,
								18
							]
						},
						{
							"origin": [
								-2.5,
								3,
								-0.5
							],
							"size": [
								1.5,
								4,
								4
							],
							"pivot": [
								-1.75,
								3,
								1.5
							],
							"rotation": [
								0,
								0,
								-22.5
							],
							"uv": [
								14,
								16
							]
						},
						{
							"origin": [
								-3,
								10,
								3
							],
							"size": [
								6,
								1,
								1
							],
							"uv": [
								26,
								4
							]
						},
						{
							"origin": [
								-3.5,
								9,
								-2.5
							],
							"size": [
								7,
								1,
								1
							],
							"uv": [
								22,
								0
							]
						},
						{
							"origin": [
								-3.5,
								9,
								3.5
							],
							"size": [
								7,
								1,
								1
							],
							"uv": [
								20,
								16
							]
						},
						{
							"origin": [
								2.5,
								9,
								-1.5
							],
							"size": [
								1,
								1,
								5
							],
							"uv": [
								5,
								21
							]
						},
						{
							"origin": [
								-3.5,
								9,
								-1.5
							],
							"size": [
								1,
								1,
								5
							],
							"uv": [
								19,
								19
							]
						},
						{
							"origin": [
								-4,
								8,
								-3
							],
							"size": [
								1,
								1,
								8
							],
							"uv": [
								0,
								9
							]
						},
						{
							"origin": [
								3,
								8,
								-3
							],
							"size": [
								1,
								1,
								8
							],
							"uv": [
								0,
								0
							]
						},
						{
							"origin": [
								-3,
								8,
								4
							],
							"size": [
								6,
								1,
								1
							],
							"uv": [
								17,
								25
							]
						},
						{
							"origin": [
								-3,
								8,
								-3
							],
							"size": [
								6,
								1,
								1
							],
							"uv": [
								22,
								2
							]
						}
					]
				},
				{
					"name": "tentacles",
					"parent": "body",
					"pivot": [
						-0.5,
						7,
						4.5
					]
				},
				{
					"name": "tentacle1",
					"parent": "tentacles",
					"pivot": [
						-2,
						3,
						3.5
					],
					"cubes": [
						{
							"origin": [
								-2.5,
								-2,
								3
							],
							"size": [
								1,
								5,
								1
							],
							"uv": [
								0,
								32
							]
						}
					]
				},
				{
					"name": "tentacle7",
					"parent": "tentacles",
					"pivot": [
						2,
						3,
						3.5
					],
					"cubes": [
						{
							"origin": [
								1.5,
								-2,
								3
							],
							"size": [
								1,
								5,
								1
							],
							"uv": [
								4,
								0
							]
						}
					]
				},
				{
					"name": "tentacle2",
					"parent": "tentacles",
					"pivot": [
						-2.5,
						3,
						1.5
					],
					"cubes": [
						{
							"origin": [
								-3,
								-2,
								1
							],
							"size": [
								1,
								5,
								1
							],
							"uv": [
								30,
								26
							]
						}
					]
				},
				{
					"name": "tentacle8",
					"parent": "tentacles",
					"pivot": [
						2.5,
						3,
						1.5
					],
					"cubes": [
						{
							"origin": [
								2,
								-2,
								1
							],
							"size": [
								1,
								5,
								1
							],
							"uv": [
								0,
								0
							]
						}
					]
				},
				{
					"name": "tentacle3",
					"parent": "tentacles",
					"pivot": [
						-2,
						3,
						-0.5
					],
					"cubes": [
						{
							"origin": [
								-2.5,
								-2,
								-1
							],
							"size": [
								1,
								5,
								1
							],
							"uv": [
								30,
								8
							]
						}
					]
				},
				{
					"name": "tentacle4",
					"parent": "tentacles",
					"pivot": [
						2,
						3,
						-0.5
					],
					"cubes": [
						{
							"origin": [
								1.5,
								-2,
								-1
							],
							"size": [
								1,
								5,
								1
							],
							"uv": [
								10,
								9
							]
						}
					]
				},
				{
					"name": "tentacle5",
					"parent": "tentacles",
					"pivot": [
						0,
						3,
						-1.25
					],
					"cubes": [
						{
							"origin": [
								-0.5,
								-2,
								-1.75
							],
							"size": [
								1,
								5,
								1
							],
							"uv": [
								4,
								9
							]
						}
					]
				},
				{
					"name": "tentacle6",
					"parent": "tentacles",
					"pivot": [
						0,
						3,
						3.25
					],
					"cubes": [
						{
							"origin": [
								-0.5,
								-2,
								2.75
							],
							"size": [
								1,
								5,
								1
							],
							"uv": [
								0,
								9
							]
						}
					]
				}
			]
		},
		{
			"description": {
				"identifier": "geometry.box_jellyfish",
				"texture_width": 48,
				"texture_height": 48,
				"visible_bounds_width": 4,
				"visible_bounds_height": 3,
				"visible_bounds_offset": [
					0,
					0.5,
					0
				]
			},
			"bones": [
				{
					"name": "body",
					"pivot": [
						0,
						4,
						2
					],
					"rotation": [
						90,
						0,
						0
					],
					"cubes": [
						{
							"origin": [
								-4,
								8,
								-2
							],
							"size": [
								8,
								8,
								8
							],
							"uv": [
								0,
								0
							]
						},
						{
							"origin": [
								-3,
								9,
								-1
							],
							"size": [
								6,
								6,
								6
							],
							"uv": [
								8,
								27
							]
						}
					]
				},
				{
					"name": "tentacles",
					"parent": "body",
					"pivot": [
						0,
						0,
						2
					]
				},
				{
					"name": "tentacle1",
					"parent": "tentacles",
					"pivot": [
						-3.75,
						8,
						-1.75
					],
					"cubes": [
						{
							"origin": [
								-4.25,
								-2,
								-2.25
							],
							"size": [
								1,
								10,
								1
							],
							"uv": [
								0,
								27
							]
						}
					]
				},
				{
					"name": "segment1",
					"parent": "tentacle1",
					"pivot": [
						-3.75,
						-2,
						-1.75
					],
					"cubes": [
						{
							"origin": [
								-4.25,
								-12,
								-2.25
							],
							"size": [
								1,
								10,
								1
							],
							"uv": [
								24,
								16
							]
						}
					]
				},
				{
					"name": "tentacle2",
					"parent": "tentacles",
					"pivot": [
						3.75,
						8,
						-1.75
					],
					"cubes": [
						{
							"origin": [
								3.25,
								-2,
								-2.25
							],
							"size": [
								1,
								10,
								1
							],
							"uv": [
								20,
								16
							]
						}
					]
				},
				{
					"name": "segment2",
					"parent": "tentacle2",
					"pivot": [
						3.75,
						-2,
						-1.75
					],
					"cubes": [
						{
							"origin": [
								3.25,
								-12,
								-2.25
							],
							"size": [
								1,
								10,
								1
							],
							"uv": [
								16,
								16
							]
						}
					]
				},
				{
					"name": "tentacle3",
					"parent": "tentacles",
					"pivot": [
						3.75,
						8,
						5.75
					],
					"cubes": [
						{
							"origin": [
								3.25,
								-2,
								5.25
							],
							"size": [
								1,
								10,
								1
							],
							"uv": [
								12,
								16
							]
						}
					]
				},
				{
					"name": "segment3",
					"parent": "tentacle3",
					"pivot": [
						3.75,
						-2,
						5.75
					],
					"cubes": [
						{
							"origin": [
								3.25,
								-12,
								5.25
							],
							"size": [
								1,
								10,
								1
							],
							"uv": [
								8,
								16
							]
						}
					]
				},
				{
					"name": "tentacle4",
					"parent": "tentacles",
					"pivot": [
						-3.75,
						8,
						5.75
					],
					"cubes": [
						{
							"origin": [
								-4.25,
								-2,
								5.25
							],
							"size": [
								1,
								10,
								1
							],
							"uv": [
								4,
								16
							]
						}
					]
				},
				{
					"name": "segment4",
					"parent": "tentacle4",
					"pivot": [
						-3.75,
						-2,
						5.75
					],
					"cubes": [
						{
							"origin": [
								-4.25,
								-12,
								5.25
							],
							"size": [
								1,
								10,
								1
							],
							"uv": [
								0,
								16
							]
						}
					]
				},
				{
					"name": "tentacle5",
					"parent": "tentacles",
					"pivot": [
						-1.75,
						8,
						3.75
					],
					"cubes": [
						{
							"origin": [
								-2.25,
								2,
								3.25
							],
							"size": [
								1,
								6,
								1
							],
							"uv": [
								4,
								27
							]
						}
					]
				},
				{
					"name": "tentacle6",
					"parent": "tentacles",
					"pivot": [
						-1.75,
						8,
						-0.25
					],
					"cubes": [
						{
							"origin": [
								-2.25,
								2,
								-0.75
							],
							"size": [
								1,
								6,
								1
							],
							"uv": [
								24,
								0
							]
						}
					]
				},
				{
					"name": "tentacle7",
					"parent": "tentacles",
					"pivot": [
						1.75,
						8,
						4.25
					],
					"cubes": [
						{
							"origin": [
								1.25,
								2,
								3.75
							],
							"size": [
								1,
								6,
								1
							],
							"uv": [
								4,
								0
							]
						}
					]
				},
				{
					"name": "tentacle8",
					"parent": "tentacles",
					"pivot": [
						1.75,
						8,
						-0.25
					],
					"cubes": [
						{
							"origin": [
								1.25,
								2,
								-0.75
							],
							"size": [
								1,
								6,
								1
							],
							"uv": [
								0,
								0
							]
						}
					]
				}
			]
		}
	]
}