{
	"file_path": "C:\\Users\\nilod\\AppData\\Local\\Packages\\Microsoft.MinecraftUWP_8wekyb3d8bbwe\\LocalState\\games\\com.mojang\\development_resource_packs\\Prehistory\\textures\\item_texture.json",
	"file_type": "item_texture",
	"format_version": 1,
	"file_uuid": "d181fe14_f8a8_4687_a763_4e69103fbbeb",
	"file_version": 7,
	"cache_content": {
		"children": [
			{
				"data": "bridgeRP",
				"key": "resource_pack_name"
			},
			{
				"data": "atlas.items",
				"key": "texture_name"
			},
			{
				"open": {
					"resource_pack_name": "bridgeRP",
					"texture_name": "atlas.items",
					"texture_data": {
						"ph:mosasaurus_scale": {
							"textures": "textures/items/prehistory/ph_mosasaurus_scale"
						},
						"ph:megalodon_tooth": {
							"textures": "textures/items/prehistory/ph_megalodon_tooth"
						}
					}
				},
				"key": "texture_data",
				"children": [
					{
						"open": {
							"ph:mosasaurus_scale": {
								"textures": "textures/items/prehistory/ph_mosasaurus_scale"
							},
							"ph:megalodon_tooth": {
								"textures": "textures/items/prehistory/ph_megalodon_tooth"
							}
						},
						"key": "ph:mosasaurus_scale",
						"is_minified": true,
						"children": {
							"textures": "textures/items/prehistory/ph_mosasaurus_scale"
						}
					},
					{
						"open": {
							"ph:mosasaurus_scale": {
								"textures": "textures/items/prehistory/ph_mosasaurus_scale"
							},
							"ph:megalodon_tooth": {
								"textures": "textures/items/prehistory/ph_megalodon_tooth"
							}
						},
						"key": "ph:megalodon_tooth",
						"is_minified": true,
						"children": {
							"textures": "textures/items/prehistory/ph_megalodon_tooth"
						}
					}
				]
			}
		]
	}
}