{
	"format_version": "1.10.0",
	"animation_controllers": {
		"controller.animation.colossal_squid.general": {
			"initial_state": "default",
			"states": {
				"default": {
					"animations": [
						"idle"
					],
					"transitions": [
						{
							"swimming": "query.is_swimming"
						}
					],
					"blend_transition": 2
				},
				"swimming": {
					"animations": [
						"swimming"
					],
					"transitions": [
						{
							"default": "!query.is_swimming"
						}
					],
					"blend_transition": 2
				}
			}
		}
	}
}