{
	"format_version": "1.10.0",
	"animation_controllers": {
		"controller.animation.jade_dragon.general": {
			"initial_state": "default",
			"states": {
				"default": {
					"animations": [
						"idle"
					],
					"transitions": [
						{
							"moving": "query.ground_speed&&!query.is_charged"
						},
						{
							"firing": "query.is_charged||query.is_charging"
						}
					],
					"blend_via_shortest_path": true,
					"blend_transition": 0.5
				},
				"moving": {
					"animations": [
						"move"
					],
					"transitions": [
						{
							"default": "!query.ground_speed&&!query.is_charged"
						},
						{
							"firing": "query.is_charged||query.is_charging"
						}
					],
					"blend_via_shortest_path": true,
					"blend_transition": 0.5
				},
				"firing": {
					"animations": [
						"firing"
					],
					"transitions": [
						{
							"default": "!query.ground_speed&&!query.is_charged&&query.any_animation_finished"
						},
						{
							"moving": "query.ground_speed&&!query.is_charged&&query.any_animation_finished"
						}
					],
					"particle_effects": [
						{
							"effect": "charge",
							"locator": "fireball"
						}
					],
					"blend_via_shortest_path": true,
					"blend_transition": 0.5
				}
			}
		},
		"controller.animation.jade_dragon.head_controller": {
			"states": {
				"default": {
					"transitions": [
						{
							"moving": "query.ground_speed"
						}
					],
					"blend_via_shortest_path": true,
					"blend_transition": 0.5
				},
				"moving": {
					"animations": [
						"head_moving"
					],
					"transitions": [
						{
							"default": "!query.ground_speed"
						}
					],
					"blend_via_shortest_path": true,
					"blend_transition": 0.5
				}
			}
		}
	}
}