{
	"format_version": "1.10.0",
	"animation_controllers": {
		"controller.animation.white_spike.arms": {
			"initial_state": "default",
			"states": {
				"default": {
					"animations": [
						"arms_idle"
					],
					"transitions": [
						{
							"moving": "query.ground_speed&&!variable.swimming"
						},
						{
							"target_acquired": "query.has_target&&!variable.swimming"
						},
						{
							"swimming": "variable.swimming"
						}
					],
					"blend_transition": 0.3,
					"blend_via_shortest_path": true
				},
				"moving": {
					"animations": [
						{
							"arms_moving": "query.modified_move_speed"
						}
					],
					"transitions": [
						{
							"default": "!query.ground_speed&&!variable.swimming"
						},
						{
							"target_acquired": "query.has_target&&!variable.swimming"
						},
						{
							"swimming": "variable.swimming"
						}
					],
					"blend_transition": 0.3,
					"blend_via_shortest_path": true
				},
				"target_acquired": {
					"animations": [
						"arms_target"
					],
					"transitions": [
						{
							"default": "!query.ground_speed&&!query.has_target"
						},
						{
							"moving": "!query.has_target&&query.ground_speed"
						},
						{
							"swimming": "variable.swimming"
						}
					],
					"blend_transition": 0.3,
					"blend_via_shortest_path": true
				},
				"swimming": {
					"blend_transition": 0.3,
					"blend_via_shortest_path": true,
					"transitions": [
						{
							"default": "!query.ground_speed&&!query.has_target&&!variable.swimming"
						},
						{
							"moving": "!query.has_target&&query.ground_speed&&!variable.swimming"
						},
						{
							"target_acquired": "query.has_target&&!variable.swimming"
						}
					]
				}
			}
		},
		"controller.animation.white_spike.tentacle": {
			"initial_state": "default",
			"states": {
				"default": {
					"animations": [
						"tentacle_idle"
					],
					"transitions": [
						{
							"moving": "query.ground_speed&&!variable.swimming"
						},
						{
							"target_acquired": "query.has_target&&!variable.swimming"
						},
						{
							"swimming": "variable.swimming"
						}
					],
					"blend_transition": 0.5,
					"blend_via_shortest_path": true
				},
				"moving": {
					"animations": [
						"tentacle_move"
					],
					"transitions": [
						{
							"default": "!query.ground_speed&&!variable.swimming"
						},
						{
							"target_acquired": "query.has_target&&!variable.swimming"
						},
						{
							"swimming": "variable.swimming"
						}
					],
					"blend_transition": 0.5,
					"blend_via_shortest_path": true
				},
				"target_acquired": {
					"animations": [
						"tentacle_hasTarget"
					],
					"transitions": [
						{
							"default": "!query.ground_speed&&!query.has_target"
						},
						{
							"moving": "!query.has_target&&query.ground_speed"
						},
						{
							"swimming": "variable.swimming"
						}
					],
					"blend_transition": 0.5,
					"blend_via_shortest_path": true
				},
				"swimming": {
					"blend_transition": 0.3,
					"blend_via_shortest_path": true,
					"transitions": [
						{
							"default": "!query.ground_speed&&!query.has_target&&!variable.swimming"
						},
						{
							"moving": "!query.has_target&&query.ground_speed&&!variable.swimming"
						},
						{
							"target_acquired": "query.has_target&&!variable.swimming"
						}
					]
				}
			}
		},
		"controller.animation.white_spike.general": {
			"initial_state": "default",
			"states": {
				"default": {
					"animations": [
						"full_idle"
					],
					"transitions": [
						{
							"moving": "query.ground_speed&&!variable.swimming"
						},
						{
							"attacking": "variable.white_spike_attack"
						},
						{
							"swimming": "variable.swimming"
						}
					],
					"blend_transition": 0.1,
					"blend_via_shortest_path": true
				},
				"moving": {
					"animations": [
						{
							"full_move": "query.modified_move_speed"
						}
					],
					"transitions": [
						{
							"default": "!query.ground_speed&&!variable.swimming"
						},
						{
							"attacking": "variable.white_spike_attack"
						},
						{
							"swimming": "variable.swimming"
						}
					],
					"blend_transition": 0.1,
					"blend_via_shortest_path": true
				},
				"attacking": {
					"animations": [
						"melee_attack"
					],
					"transitions": [
						{
							"default": "!variable.white_spike_attack&&!query.ground_speed&&query.all_animations_finished"
						},
						{
							"moving": "!variable.white_spike_attack&&query.ground_speed&&query.all_animations_finished"
						},
						{
							"swimming": "variable.swimming&&!variable.white_spike_attack&&query.all_animations_finished"
						}
					],
					"blend_transition": 0.3,
					"blend_via_shortest_path": true
				},
				"swimming": {
					"animations": [
						"swim"
					],
					"transitions": [
						{
							"default": "!variable.swimming&&!query.ground_speed"
						},
						{
							"moving": "!variable.swimming&&query.ground_speed"
						},
						{
							"attacking": "variable.white_spike_attack"
						}
					],
					"blend_transition": 0.3,
					"blend_via_shortest_path": true
				}
			}
		}
	}
}