{
	"format_version": "1.10.0",
	"animation_controllers": {
		"controller.animation.wizard.general": {
			"initial_state": "default",
			"states": {
				"default": {
					"animations": [
						"idle"
					],
					"transitions": [
						{
							"walking": "query.ground_speed"
						},
						{
							"casting": "query.is_casting"
						},
						{
							"admiring": "query.is_admiring"
						}
					],
					"blend_via_shortest_path": true,
					"blend_transition": 0.3
				},
				"walking": {
					"animations": [
						{
							"walk": "query.modified_move_speed"
						}
					],
					"transitions": [
						{
							"default": "!query.ground_speed"
						},
						{
							"casting": "query.is_casting"
						},
						{
							"admiring": "query.is_admiring"
						}
					],
					"blend_via_shortest_path": true,
					"blend_transition": 0.3
				},
				"casting": {
					"animations": [
						"cast_spell"
					],
					"transitions": [
						{
							"walking": "query.ground_speed&&!query.is_casting"
						},
						{
							"default": "!query.ground_speed&&!query.is_casting"
						},
						{
							"admiring": "query.is_admiring"
						}
					],
					"particle_effects": [
						{
							"effect": "spell",
							"locator": "orb_particle"
						}
					],
					"blend_via_shortest_path": true,
					"blend_transition": 0.3
				},
				"admiring": {
					"animations": [
						"admiring"
					],
					"transitions": [
						{
							"default": "!query.ground_speed&&!query.is_admiring"
						},
						{
							"casting": "query.is_casting&&!query.is_admiring"
						},
						{
							"walking": "query.ground_speed&&!query.is_admiring"
						}
					],
					"blend_via_shortest_path": true,
					"blend_transition": 0.3
				}
			}
		}
	}
}