{
	"file_path": "C:\\Users\\nilod\\AppData\\Local\\Packages\\Microsoft.MinecraftUWP_8wekyb3d8bbwe\\LocalState\\games\\com.mojang\\development_resource_packs\\Prehistory\\entity\\megalodon.json",
	"file_type": "client_entity",
	"format_version": 1,
	"file_uuid": "245f142b_25c0_49d2_9b1c_e75ba9d4050d",
	"file_version": 17,
	"cache_content": {
		"children": [
			{
				"data": "1.8.0",
				"key": "format_version"
			},
			{
				"open": {
					"format_version": "1.8.0",
					"minecraft:client_entity": {
						"description": {
							"identifier": "ph:megalodon",
							"materials": {
								"default": "cod"
							},
							"textures": {
								"male": "textures/entity/megalodon_male_texture",
								"female": "textures/entity/megalodon_female_texture"
							},
							"geometry": {
								"default": "geometry.megalodon"
							},
							"animations": {
								"attack": "animation.megalodon.attack",
								"swim": "animation.megalodon.swim",
								"flop": "animation.megalodon.flop"
							},
							"animation_controllers": [
								{
									"move": "controller.animation.megalodon.move"
								}
							],
							"render_controllers": [
								"controller.render.megalodon"
							],
							"spawn_egg": {
								"base_color": "#1c1d27",
								"overlay_color": "#b3b3b3"
							}
						}
					}
				},
				"key": "minecraft:client_entity",
				"children": [
					{
						"open": {
							"description": {
								"identifier": "ph:megalodon",
								"materials": {
									"default": "cod"
								},
								"textures": {
									"male": "textures/entity/megalodon_male_texture",
									"female": "textures/entity/megalodon_female_texture"
								},
								"geometry": {
									"default": "geometry.megalodon"
								},
								"animations": {
									"attack": "animation.megalodon.attack",
									"swim": "animation.megalodon.swim",
									"flop": "animation.megalodon.flop"
								},
								"animation_controllers": [
									{
										"move": "controller.animation.megalodon.move"
									}
								],
								"render_controllers": [
									"controller.render.megalodon"
								],
								"spawn_egg": {
									"base_color": "#1c1d27",
									"overlay_color": "#b3b3b3"
								}
							}
						},
						"key": "description",
						"children": [
							{
								"data": "ph:megalodon",
								"key": "identifier"
							},
							{
								"key": "materials",
								"is_minified": true,
								"children": {
									"default": "cod"
								}
							},
							{
								"open": {
									"identifier": "ph:megalodon",
									"materials": {
										"default": "cod"
									},
									"textures": {
										"male": "textures/entity/megalodon_male_texture",
										"female": "textures/entity/megalodon_female_texture"
									},
									"geometry": {
										"default": "geometry.megalodon"
									},
									"animations": {
										"attack": "animation.megalodon.attack",
										"swim": "animation.megalodon.swim",
										"flop": "animation.megalodon.flop"
									},
									"animation_controllers": [
										{
											"move": "controller.animation.megalodon.move"
										}
									],
									"render_controllers": [
										"controller.render.megalodon"
									],
									"spawn_egg": {
										"base_color": "#1c1d27",
										"overlay_color": "#b3b3b3"
									}
								},
								"key": "textures",
								"is_minified": true,
								"children": {
									"male": "textures/entity/megalodon_male_texture",
									"female": "textures/entity/megalodon_female_texture"
								}
							},
							{
								"key": "geometry",
								"is_minified": true,
								"children": {
									"default": "geometry.megalodon"
								}
							},
							{
								"key": "animations",
								"is_minified": true,
								"children": {
									"attack": "animation.megalodon.attack",
									"swim": "animation.megalodon.swim",
									"flop": "animation.megalodon.flop"
								}
							},
							{
								"key": "animation_controllers",
								"children": [
									{
										"open": [
											{
												"move": "controller.animation.megalodon.move"
											}
										],
										"is_minified": true,
										"children": {
											"move": "controller.animation.megalodon.move"
										}
									}
								]
							},
							{
								"key": "render_controllers",
								"is_minified": true,
								"children": [
									"controller.render.megalodon"
								]
							},
							{
								"key": "spawn_egg",
								"is_minified": true,
								"children": {
									"base_color": "#1c1d27",
									"overlay_color": "#b3b3b3"
								}
							}
						]
					}
				]
			}
		]
	}
}