{
	"file_path": "C:\\Users\\nilod\\AppData\\Local\\Packages\\Microsoft.MinecraftUWP_8wekyb3d8bbwe\\LocalState\\games\\com.mojang\\development_resource_packs\\Prehistory\\entity\\mosasaurus.json",
	"file_type": "client_entity",
	"format_version": 1,
	"file_uuid": "eacbf418_e470_49c4_9512_c5781ad785fd",
	"file_version": 12,
	"cache_content": {
		"children": [
			{
				"data": "1.8.0",
				"key": "format_version"
			},
			{
				"open": {
					"format_version": "1.8.0",
					"minecraft:client_entity": {
						"description": {
							"identifier": "ph:mosasaurus",
							"materials": {
								"default": "cod"
							},
							"textures": {
								"male": "textures/entity/mosasaurus_male_texture",
								"female": "textures/entity/mosasaurus_female_texture"
							},
							"geometry": {
								"default": "geometry.mosasaurus"
							},
							"animations": {
								"attack": "animation.mosasaurus.attack",
								"swim": "animation.mosasaurus.swim",
								"flop": "animation.mosasaurus.flop"
							},
							"animation_controllers": [
								{
									"move": "controller.animation.mosasaurus.move"
								}
							],
							"render_controllers": [
								"controller.render.mosasaurus"
							],
							"spawn_egg": {
								"base_color": "#339999",
								"overlay_color": "#78E2E0"
							}
						}
					}
				},
				"key": "minecraft:client_entity",
				"children": [
					{
						"open": {
							"description": {
								"identifier": "ph:mosasaurus",
								"materials": {
									"default": "cod"
								},
								"textures": {
									"male": "textures/entity/mosasaurus_male_texture",
									"female": "textures/entity/mosasaurus_female_texture"
								},
								"geometry": {
									"default": "geometry.mosasaurus"
								},
								"animations": {
									"attack": "animation.mosasaurus.attack",
									"swim": "animation.mosasaurus.swim",
									"flop": "animation.mosasaurus.flop"
								},
								"animation_controllers": [
									{
										"move": "controller.animation.mosasaurus.move"
									}
								],
								"render_controllers": [
									"controller.render.mosasaurus"
								],
								"spawn_egg": {
									"base_color": "#339999",
									"overlay_color": "#78E2E0"
								}
							}
						},
						"key": "description",
						"children": [
							{
								"data": "ph:mosasaurus",
								"key": "identifier"
							},
							{
								"key": "materials",
								"is_minified": true,
								"children": {
									"default": "cod"
								}
							},
							{
								"open": {
									"identifier": "ph:mosasaurus",
									"materials": {
										"default": "cod"
									},
									"textures": {
										"male": "textures/entity/mosasaurus_male_texture",
										"female": "textures/entity/mosasaurus_female_texture"
									},
									"geometry": {
										"default": "geometry.mosasaurus"
									},
									"animations": {
										"attack": "animation.mosasaurus.attack",
										"swim": "animation.mosasaurus.swim",
										"flop": "animation.mosasaurus.flop"
									},
									"animation_controllers": [
										{
											"move": "controller.animation.mosasaurus.move"
										}
									],
									"render_controllers": [
										"controller.render.mosasaurus"
									],
									"spawn_egg": {
										"base_color": "#339999",
										"overlay_color": "#78E2E0"
									}
								},
								"key": "textures",
								"is_minified": true,
								"children": {
									"male": "textures/entity/mosasaurus_male_texture",
									"female": "textures/entity/mosasaurus_female_texture"
								}
							},
							{
								"key": "geometry",
								"is_minified": true,
								"children": {
									"default": "geometry.mosasaurus"
								}
							},
							{
								"open": {
									"identifier": "ph:mosasaurus",
									"materials": {
										"default": "cod"
									},
									"textures": {
										"male": "textures/entity/mosasaurus_male_texture",
										"female": "textures/entity/mosasaurus_female_texture"
									},
									"geometry": {
										"default": "geometry.mosasaurus"
									},
									"animations": {
										"attack": "animation.mosasaurus.attack",
										"swim": "animation.mosasaurus.swim",
										"flop": "animation.mosasaurus.flop"
									},
									"animation_controllers": [
										{
											"move": "controller.animation.mosasaurus.move"
										}
									],
									"render_controllers": [
										"controller.render.mosasaurus"
									],
									"spawn_egg": {
										"base_color": "#339999",
										"overlay_color": "#78E2E0"
									}
								},
								"key": "animations",
								"is_minified": true,
								"children": {
									"attack": "animation.mosasaurus.attack",
									"swim": "animation.mosasaurus.swim",
									"flop": "animation.mosasaurus.flop"
								}
							},
							{
								"key": "animation_controllers",
								"is_minified": true,
								"children": [
									{
										"move": "controller.animation.mosasaurus.move"
									}
								]
							},
							{
								"key": "render_controllers",
								"is_minified": true,
								"children": [
									"controller.render.mosasaurus"
								]
							},
							{
								"key": "spawn_egg",
								"is_minified": true,
								"children": {
									"base_color": "#339999",
									"overlay_color": "#78E2E0"
								}
							}
						]
					}
				]
			}
		]
	}
}