{
	"format_version": "1.17.0",
	"minecraft:block": {
		"description": {
			"identifier": "rab:male_white_spike_spawner",
			"is_experimental": true,
			"register_to_creative_menu": false
		},
		"components": {
			"minecraft:destroy_time": 5,
			"minecraft:explosion_resistance": 100,
			"minecraft:immovable": true,
			"minecraft:random_ticking": {
				"on_tick": {
					"event": "summon_white_spike",
					"target": "self"
				}
			},
			"minecraft:ticking": {
				"range": [
					1,
					3
				],
				"looping": true,
				"on_tick": {
					"event": "summon_white_spike",
					"target": "self"
				}
			}
		},
		"events": {
			"summon_white_spike": {
				"run_command": {
					"command": [
						"summon rab:white_spike ~ ~ ~ spawn_male"
					]
				},
				"set_block": {
					"block_type": "air"
				}
			}
		}
	}
}