{
	"format_version": "1.17.30",
	"minecraft:block": {
		"description": {
			"identifier": "rab:wizard_spawner"
		},
		"components": {
			"minecraft:destroy_time": 5,
			"minecraft:explosion_resistance": 100,
			"minecraft:material_instances": {
				"*": {
					"texture": "wizard_spawner"
				}
			},
			"minecraft:immovable": true,
			"minecraft:random_ticking": {
				"on_tick": {
					"event": "summon_wizard",
					"target": "self"
				}
			},
			"minecraft:ticking": {
				"range": [
					1,
					3
				],
				"looping": true,
				"on_tick": {
					"event": "summon_wizard",
					"target": "self"
				}
			}
		},
		"events": {
			"summon_wizard": {
				"run_command": {
					"command": [
						"summon rab:wizard ~ ~ ~"
					]
				},
				"set_block": {
					"block_type": "air"
				}
			}
		}
	}
}