{
    "pools": [
        {
            "rolls": 1,
            "entries": [
                {
                    "type": "item",
                    "name": "rab:raw_colossal_squid_meat",
                    "weight": 1,
                    "functions": [
                        {
                            "function": "minecraft:set_count",
                            "count":{
                                "min": 8,
                                "max": 16
                            }
                        }
                    ]
                }
            ]
        },
        {
            "rolls": 1,
            "entries": [
                {
                    "type": "item",
                    "name": "rab:colossal_squid_eye",
                    "weight": 1,
                    "functions": [
                        {
                            "function": "minecraft:set_count",
                            "count":{
                                "min": 1,
                                "max": 2
                            }
                        }
                    ]
                }
            ]
        }
    ]
}