{
    "pools": [
        {
            "rolls": 16,
            "entries": [
                {
                    "type": "item",
                    "name": "minecraft:emerald",
                    "weight": 6,
                    "functions": [
                        {
                            "function": "set_count",
                            "count": {
                                "min": 16,
                                "max": 64
                            }
                        }
                    ]
                },
                {
                    "type": "item",
                    "name": "rab:lightning_arrow",
                    "weight": 5,
                    "functions": [
                        {
                            "function": "set_count",
                            "count": {
                                "min": 64,
                                "max": 256
                            }
                        }
                    ]
                },
                {
                    "type": "item",
                    "name": "minecraft:leather",
                    "weight": 7,
                    "functions": [
                        {
                            "function": "set_count",
                            "count": {
                                "min": 8,
                                "max": 32
                            }
                        }
                    ]
                },
                {
                    "type": "item",
                    "name": "minecraft:book",
                    "weight": 5,
                    "functions": [
                        {
                            "function": "enchant_randomly",
                            "enchantments": [
                                "minecraft:aqua_affinity",
                                "minecraft:bane_of_arthropods",
                                "minecraft:binding_curse",
                                "minecraft:blast_protection",
                                "minecraft:depth_strider",
                                "minecraft:efficiency",
                                "minecraft:feather_falling",
                                "minecraft:fire_aspect",
                                "minecraft:fire_protection",
                                "minecraft:flame",
                                "minecraft:fortune",
                                "minecraft:frost_walker",
                                "minecraft:infinity",
                                "minecraft:knockback",
                                "minecraft:looting",
                                "minecraft:luck_of_the_sea",
                                "minecraft:lure",
                                "minecraft:mending",
                                "minecraft:power",
                                "minecraft:projectile_protection",
                                "minecraft:protection",
                                "minecraft:punch",
                                "minecraft:respiration",
                                "minecraft:sharpness",
                                "minecraft:silk_touch",
                                "minecraft:smite",
                                "minecraft:sweeping",
                                "minecraft:thorns",
                                "minecraft:unbreaking",
                                "minecraft:vanishing_curse"
                            ]
                        }
                    ]
                },
                {
                    "type": "item",
                    "name": "minecraft:log",
                    "weight": 4,
                    "functions": [
                        {
                            "function": "set_count",
                            "count": {
                                "min": 8,
                                "max": 32
                            }
                        },
                        {
                            "function": "set_data",
                            "data": 4
                        }
                    ]
                },
                {
                    "type": "item",
                    "name": "minecraft:log",
                    "weight": 4,
                    "functions": [
                        {
                            "function": "set_count",
                            "count": {
                                "min": 8,
                                "max": 32
                            }
                        },
                        {
                            "function": "set_data",
                            "data": 3
                        }
                    ]
                },
                {
                    "type": "item",
                    "name": "minecraft:log",
                    "weight": 4,
                    "functions": [
                        {
                            "function": "set_count",
                            "count": {
                                "min": 8,
                                "max": 32
                            }
                        },
                        {
                            "function": "set_data",
                            "data": 2
                        }
                    ]
                },
                {
                    "type": "item",
                    "name": "minecraft:log",
                    "weight": 4,
                    "functions": [
                        {
                            "function": "set_count",
                            "count": {
                                "min": 8,
                                "max": 32
                            }
                        },
                        {
                            "function": "set_data",
                            "data": 1
                        }
                    ]
                },
                {
                    "type": "item",
                    "name": "minecraft:log",
                    "weight": 4,
                    "functions": [
                        {
                            "function": "set_count",
                            "count": {
                                "min": 8,
                                "max": 32
                            }
                        },
                        {
                            "function": "set_data",
                            "data": 0
                        }
                    ]
                },
                {
                    "type": "item",
                    "name": "minecraft:diamond_pickaxe",
                    "weight": 4,
                    "functions": [
                        {
                            "function": "enchant_randomly",
                            "enchantments": [
                                "minecraft:fortune",
                                "minecraft:mending",
                                "minecraft:efficiency",
                                "minecraft:unbreaking"
                            ],
                            "treasure": false
                        }
                    ]
                },
                {
                    "type": "item",
                    "name": "minecraft:diamond_axe",
                    "weight": 4,
                    "functions": [
                        {
                            "function": "enchant_randomly",
                            "enchantments": [
                                "minecraft:fortune",
                                "minecraft:mending",
                                "minecraft:efficiency",
                                "minecraft:unbreaking"
                            ],
                            "treasure": false
                        }
                    ]
                },
                {
                    "type": "item",
                    "name": "minecraft:diamond_shovel",
                    "weight": 4,
                    "functions": [
                        {
                            "function": "enchant_randomly",
                            "enchantments": [
                                "minecraft:fortune",
                                "minecraft:mending",
                                "minecraft:efficiency",
                                "minecraft:unbreaking"
                            ],
                            "treasure": false
                        }
                    ]
                },
                {
                    "type": "item",
                    "name": "minecraft:diamond_sword",
                    "weight": 4,
                    "functions": [
                        {
                            "function": "enchant_randomly",
                            "enchantments": [
                                "minecraft:fire_aspect",
                                "minecraft:bane_of_arthropods",
                                "minecraft:smite",
                                "minecraft:sharpness",
                                "minecraft:mending",
                                "minecraft:unbreaking"
                            ],
                            "treasure": false
                        }
                    ]
                },
                {
                    "type": "item",
                    "name": "minecraft:bow",
                    "weight": 4,
                    "functions": [
                        {
                            "function": "enchant_randomly",
                            "enchantments": [
                                "minecraft:power",
                                "minecraft:infinity",
                                "minecraft:power",
                                "minecraft:mending",
                                "minecraft:punch",
                                "minecraft:unbreaking"
                            ],
                            "treasure": false
                        }
                    ]
                },
                {
                    "type": "item",
                    "name": "minecraft:diamond_helmet",
                    "weight": 4,
                    "functions": [
                        {
                            "function": "enchant_randomly",
                            "enchantments": [
                                "minecraft:protection",
                                "minecraft:respiration",
                                "minecraft:blast_protection",
                                "minecraft:mending",
                                "minecraft:unbreaking"
                            ],
                            "treasure": false
                        }
                    ]
                },
                {
                    "type": "item",
                    "name": "minecraft:diamond_chestplate",
                    "weight": 4,
                    "functions": [
                        {
                            "function": "enchant_randomly",
                            "enchantments": [
                                "minecraft:protection",
                                "minecraft:projectile_protection",
                                "minecraft:knockback",
                                "minecraft:fire_protection",
                                "minecraft:blast_protection",
                                "minecraft:mending",
                                "minecraft:unbreaking"
                            ],
                            "treasure": false
                        }
                    ]
                },
                {
                    "type": "item",
                    "name": "minecraft:diamond_leggings",
                    "weight": 4,
                    "functions": [
                        {
                            "function": "enchant_randomly",
                            "enchantments": [
                                "minecraft:protection",
                                "minecraft:projectile_protection",
                                "minecraft:knockback",
                                "minecraft:fire_protection",
                                "minecraft:blast_protection",
                                "minecraft:mending",
                                "minecraft:unbreaking"
                            ],
                            "treasure": false
                        }
                    ]
                },
                {
                    "type": "item",
                    "name": "minecraft:diamond_boots",
                    "weight": 4,
                    "functions": [
                        {
                            "function": "enchant_randomly",
                            "enchantments": [
                                "minecraft:protection",
                                "minecraft:projectile_protection",
                                "minecraft:knockback",
                                "minecraft:feather_falling",
                                "minecraft:depth_strider",
                                "minecraft:fire_protection",
                                "minecraft:blast_protection",
                                "minecraft:mending",
                                "minecraft:unbreaking"
                            ],
                            "treasure": false
                        }
                    ]
                }
            ]
        }
    ]
}