{
	"file_path": "C:\\Users\\nilod\\AppData\\Local\\Packages\\Microsoft.MinecraftUWP_8wekyb3d8bbwe\\LocalState\\games\\com.mojang\\development_resource_packs\\Prehistory\\items\\mosasaurus_scale.json",
	"file_type": "client_item",
	"format_version": 1,
	"file_uuid": "cef07d60_d52a_4d00_afe7_005f2731af84",
	"file_version": 8,
	"cache_content": {
		"children": [
			{
				"data": "1.16.0",
				"key": "format_version"
			},
			{
				"open": {
					"format_version": "1.16.0",
					"minecraft:item": {
						"description": {
							"identifier": "ph:mosasaurus_scale"
						},
						"components": {
							"minecraft:icon": "ph:mosasaurus_scale",
							"minecraft:render_offsets": "miscellaneous",
							"minecraft:display_name": {}
						}
					}
				},
				"key": "minecraft:item",
				"children": [
					{
						"open": {
							"description": {
								"identifier": "ph:mosasaurus_scale"
							},
							"components": {
								"minecraft:icon": "ph:mosasaurus_scale",
								"minecraft:render_offsets": "miscellaneous",
								"minecraft:display_name": {}
							}
						},
						"key": "description",
						"is_minified": true,
						"children": {
							"identifier": "ph:mosasaurus_scale"
						}
					},
					{
						"open": {
							"description": {
								"identifier": "ph:mosasaurus_scale"
							},
							"components": {
								"minecraft:icon": "ph:mosasaurus_scale",
								"minecraft:render_offsets": "miscellaneous",
								"minecraft:display_name": {}
							}
						},
						"key": "components",
						"is_minified": true,
						"children": {
							"minecraft:icon": "ph:mosasaurus_scale",
							"minecraft:render_offsets": "miscellaneous",
							"minecraft:display_name": {}
						}
					}
				]
			}
		]
	}
}