{
	"file_path": "C:\\Users\\nilod\\AppData\\Local\\Packages\\Microsoft.MinecraftUWP_8wekyb3d8bbwe\\LocalState\\games\\com.mojang\\development_resource_packs\\Prehistory\\sounds.json",
	"file_type": "client_sound",
	"format_version": 1,
	"file_uuid": "2c74e981_d4a5_403e_bed7_5abf0d81abb4",
	"file_version": 2,
	"cache_content": {
		"children": [
			{
				"open": {
					"entity_sounds": {
						"entities": {
							"ph:mosasaurus": {
								"volume": 1,
								"pitch": [
									0.8,
									1.2
								],
								"events": {
									"hurt": "mob.ph_mosasaurus.hurt",
									"hurt.in.water": "mob.ph_mosasaurus.hurt",
									"flop": {
										"sound": "mob.fish.flop",
										"volume": 1,
										"pitch": 1
									},
									"step": {
										"sound": "mob.fish.step",
										"volume": 0.15,
										"pitch": 1
									}
								}
							},
							"ph:megalodon": {
								"volume": 1,
								"pitch": [
									0.8,
									1.2
								],
								"events": {
									"hurt": "mob.ph_megalodon.hurt",
									"hurt.in.water": "mob.ph_megalodon.hurt",
									"flop": {
										"sound": "mob.fish.flop",
										"volume": 1,
										"pitch": 1
									},
									"step": {
										"sound": "mob.fish.step",
										"volume": 0.15,
										"pitch": 1
									}
								}
							}
						}
					}
				},
				"key": "entity_sounds",
				"children": [
					{
						"open": {
							"entities": {
								"ph:mosasaurus": {
									"volume": 1,
									"pitch": [
										0.8,
										1.2
									],
									"events": {
										"hurt": "mob.ph_mosasaurus.hurt",
										"hurt.in.water": "mob.ph_mosasaurus.hurt",
										"flop": {
											"sound": "mob.fish.flop",
											"volume": 1,
											"pitch": 1
										},
										"step": {
											"sound": "mob.fish.step",
											"volume": 0.15,
											"pitch": 1
										}
									}
								},
								"ph:megalodon": {
									"volume": 1,
									"pitch": [
										0.8,
										1.2
									],
									"events": {
										"hurt": "mob.ph_megalodon.hurt",
										"hurt.in.water": "mob.ph_megalodon.hurt",
										"flop": {
											"sound": "mob.fish.flop",
											"volume": 1,
											"pitch": 1
										},
										"step": {
											"sound": "mob.fish.step",
											"volume": 0.15,
											"pitch": 1
										}
									}
								}
							}
						},
						"key": "entities",
						"children": [
							{
								"open": {
									"ph:mosasaurus": {
										"volume": 1,
										"pitch": [
											0.8,
											1.2
										],
										"events": {
											"hurt": "mob.ph_mosasaurus.hurt",
											"hurt.in.water": "mob.ph_mosasaurus.hurt",
											"flop": {
												"sound": "mob.fish.flop",
												"volume": 1,
												"pitch": 1
											},
											"step": {
												"sound": "mob.fish.step",
												"volume": 0.15,
												"pitch": 1
											}
										}
									},
									"ph:megalodon": {
										"volume": 1,
										"pitch": [
											0.8,
											1.2
										],
										"events": {
											"hurt": "mob.ph_megalodon.hurt",
											"hurt.in.water": "mob.ph_megalodon.hurt",
											"flop": {
												"sound": "mob.fish.flop",
												"volume": 1,
												"pitch": 1
											},
											"step": {
												"sound": "mob.fish.step",
												"volume": 0.15,
												"pitch": 1
											}
										}
									}
								},
								"key": "ph:mosasaurus",
								"children": [
									{
										"data": "1",
										"key": "volume"
									},
									{
										"open": {
											"volume": 1,
											"pitch": [
												0.8,
												1.2
											],
											"events": {
												"hurt": "mob.ph_mosasaurus.hurt",
												"hurt.in.water": "mob.ph_mosasaurus.hurt",
												"flop": {
													"sound": "mob.fish.flop",
													"volume": 1,
													"pitch": 1
												},
												"step": {
													"sound": "mob.fish.step",
													"volume": 0.15,
													"pitch": 1
												}
											}
										},
										"key": "pitch",
										"is_minified": true,
										"children": [
											0.8,
											1.2
										]
									},
									{
										"open": {
											"volume": 1,
											"pitch": [
												0.8,
												1.2
											],
											"events": {
												"hurt": "mob.ph_mosasaurus.hurt",
												"hurt.in.water": "mob.ph_mosasaurus.hurt",
												"flop": {
													"sound": "mob.fish.flop",
													"volume": 1,
													"pitch": 1
												},
												"step": {
													"sound": "mob.fish.step",
													"volume": 0.15,
													"pitch": 1
												}
											}
										},
										"key": "events",
										"children": [
											{
												"open": {
													"hurt": "mob.ph_mosasaurus.hurt",
													"hurt.in.water": "mob.ph_mosasaurus.hurt",
													"flop": {
														"sound": "mob.fish.flop",
														"volume": 1,
														"pitch": 1
													},
													"step": {
														"sound": "mob.fish.step",
														"volume": 0.15,
														"pitch": 1
													}
												},
												"data": "mob.ph_mosasaurus.hurt",
												"key": "hurt"
											},
											{
												"open": {
													"hurt": "mob.ph_mosasaurus.hurt",
													"hurt.in.water": "mob.ph_mosasaurus.hurt",
													"flop": {
														"sound": "mob.fish.flop",
														"volume": 1,
														"pitch": 1
													},
													"step": {
														"sound": "mob.fish.step",
														"volume": 0.15,
														"pitch": 1
													}
												},
												"data": "mob.ph_mosasaurus.hurt",
												"key": "hurt.in.water"
											},
											{
												"open": {
													"hurt": "mob.ph_mosasaurus.hurt",
													"hurt.in.water": "mob.ph_mosasaurus.hurt",
													"flop": {
														"sound": "mob.fish.flop",
														"volume": 1,
														"pitch": 1
													},
													"step": {
														"sound": "mob.fish.step",
														"volume": 0.15,
														"pitch": 1
													}
												},
												"key": "flop",
												"is_minified": true,
												"children": {
													"sound": "mob.fish.flop",
													"volume": 1,
													"pitch": 1
												}
											},
											{
												"open": {
													"hurt": "mob.ph_mosasaurus.hurt",
													"hurt.in.water": "mob.ph_mosasaurus.hurt",
													"flop": {
														"sound": "mob.fish.flop",
														"volume": 1,
														"pitch": 1
													},
													"step": {
														"sound": "mob.fish.step",
														"volume": 0.15,
														"pitch": 1
													}
												},
												"key": "step",
												"is_minified": true,
												"children": {
													"sound": "mob.fish.step",
													"volume": 0.15,
													"pitch": 1
												}
											}
										]
									}
								]
							},
							{
								"open": {
									"ph:mosasaurus": {
										"volume": 1,
										"pitch": [
											0.8,
											1.2
										],
										"events": {
											"hurt": "mob.ph_mosasaurus.hurt",
											"hurt.in.water": "mob.ph_mosasaurus.hurt",
											"flop": {
												"sound": "mob.fish.flop",
												"volume": 1,
												"pitch": 1
											},
											"step": {
												"sound": "mob.fish.step",
												"volume": 0.15,
												"pitch": 1
											}
										}
									},
									"ph:megalodon": {
										"volume": 1,
										"pitch": [
											0.8,
											1.2
										],
										"events": {
											"hurt": "mob.ph_megalodon.hurt",
											"hurt.in.water": "mob.ph_megalodon.hurt",
											"flop": {
												"sound": "mob.fish.flop",
												"volume": 1,
												"pitch": 1
											},
											"step": {
												"sound": "mob.fish.step",
												"volume": 0.15,
												"pitch": 1
											}
										}
									}
								},
								"key": "ph:megalodon",
								"children": [
									{
										"data": "1",
										"key": "volume"
									},
									{
										"open": {
											"volume": 1,
											"pitch": [
												0.8,
												1.2
											],
											"events": {
												"hurt": "mob.ph_megalodon.hurt",
												"hurt.in.water": "mob.ph_megalodon.hurt",
												"flop": {
													"sound": "mob.fish.flop",
													"volume": 1,
													"pitch": 1
												},
												"step": {
													"sound": "mob.fish.step",
													"volume": 0.15,
													"pitch": 1
												}
											}
										},
										"key": "pitch",
										"is_minified": true,
										"children": [
											0.8,
											1.2
										]
									},
									{
										"open": {
											"volume": 1,
											"pitch": [
												0.8,
												1.2
											],
											"events": {
												"hurt": "mob.ph_megalodon.hurt",
												"hurt.in.water": "mob.ph_megalodon.hurt",
												"flop": {
													"sound": "mob.fish.flop",
													"volume": 1,
													"pitch": 1
												},
												"step": {
													"sound": "mob.fish.step",
													"volume": 0.15,
													"pitch": 1
												}
											}
										},
										"key": "events",
										"children": [
											{
												"data": "mob.ph_megalodon.hurt",
												"key": "hurt"
											},
											{
												"data": "mob.ph_megalodon.hurt",
												"key": "hurt.in.water"
											},
											{
												"open": {
													"hurt": "mob.ph_megalodon.hurt",
													"hurt.in.water": "mob.ph_megalodon.hurt",
													"flop": {
														"sound": "mob.fish.flop",
														"volume": 1,
														"pitch": 1
													},
													"step": {
														"sound": "mob.fish.step",
														"volume": 0.15,
														"pitch": 1
													}
												},
												"key": "flop",
												"is_minified": true,
												"children": {
													"sound": "mob.fish.flop",
													"volume": 1,
													"pitch": 1
												}
											},
											{
												"open": {
													"hurt": "mob.ph_megalodon.hurt",
													"hurt.in.water": "mob.ph_megalodon.hurt",
													"flop": {
														"sound": "mob.fish.flop",
														"volume": 1,
														"pitch": 1
													},
													"step": {
														"sound": "mob.fish.step",
														"volume": 0.15,
														"pitch": 1
													}
												},
												"key": "step",
												"is_minified": true,
												"children": {
													"sound": "mob.fish.step",
													"volume": 0.15,
													"pitch": 1
												}
											}
										]
									}
								]
							}
						]
					}
				]
			}
		]
	}
}