{
    "\u0070\u006f\u006f\u006c\u0073": [
        {
            "\u0072\u006f\u006c\u006c\u0073": 1,
            "\u0065\u006e\u0074\u0072\u0069\u0065\u0073": [
                {
                    "\u0074\u0079\u0070\u0065": "\u0069\u0074\u0065\u006d",
                    "\u006e\u0061\u006d\u0065": "\u006d\u0069\u006e\u0065\u0063\u0072\u0061\u0066\u0074\u003a\u0066\u0069\u0073\u0068",
                    "\u0066\u0075\u006e\u0063\u0074\u0069\u006f\u006e\u0073": [
                        {
                            "\u0066\u0075\u006e\u0063\u0074\u0069\u006f\u006e": "\u0073\u0065\u0074\u005f\u0063\u006f\u0075\u006e\u0074",
                            "\u0063\u006f\u0075\u006e\u0074": {
                                "\u006d\u0069\u006e": 1,
                                "\u006d\u0061\u0078": 1
                            }
                        },
                        {
                            "\u0066\u0075\u006e\u0063\u0074\u0069\u006f\u006e": "\u006c\u006f\u006f\u0074\u0069\u006e\u0067\u005f\u0065\u006e\u0063\u0068\u0061\u006e\u0074",
                            "\u0063\u006f\u0075\u006e\u0074": {
                                "\u006d\u0069\u006e": 0,
                                "\u006d\u0061\u0078": 2
                            }
                        }
                    ]
                }
            ]
        },
        {
            "\u0072\u006f\u006c\u006c\u0073": 1,
            "\u0063\u006f\u006e\u0064\u0069\u0074\u0069\u006f\u006e\u0073": [
                {
                    "\u0063\u006f\u006e\u0064\u0069\u0074\u0069\u006f\u006e": "\u0072\u0061\u006e\u0064\u006f\u006d\u005f\u0064\u0069\u0066\u0066\u0069\u0063\u0075\u006c\u0074\u0079\u005f\u0063\u0068\u0061\u006e\u0063\u0065",
                    "\u0064\u0065\u0066\u0061\u0075\u006c\u0074\u005f\u0063\u0068\u0061\u006e\u0063\u0065": 0.65,
                    "\u0070\u0065\u0061\u0063\u0065\u0066\u0075\u006c": 0,
                    "\u0068\u0061\u0072\u0064": 0.8
                }
            ],
            "\u0065\u006e\u0074\u0072\u0069\u0065\u0073": [
                {
                    "\u0074\u0079\u0070\u0065": "\u0069\u0074\u0065\u006d",
                    "\u006e\u0061\u006d\u0065": "\u006d\u0069\u006e\u0065\u0063\u0072\u0061\u0066\u0074\u003a\u0070\u006f\u0074\u0069\u006f\u006e",
                    "\u0077\u0065\u0069\u0067\u0068\u0074": 80,
                    "\u0066\u0075\u006e\u0063\u0074\u0069\u006f\u006e\u0073": [
                        {
                            "\u0066\u0075\u006e\u0063\u0074\u0069\u006f\u006e": "\u0073\u0065\u0074\u005f\u0063\u006f\u0075\u006e\u0074",
                            "\u0063\u006f\u0075\u006e\u0074": {
                                "\u006d\u0069\u006e": 0,
                                "\u006d\u0061\u0078": 2
                            }
                        },
                        {
                            "\u0066\u0075\u006e\u0063\u0074\u0069\u006f\u006e": "\u006c\u006f\u006f\u0074\u0069\u006e\u0067\u005f\u0065\u006e\u0063\u0068\u0061\u006e\u0074",
                            "\u0063\u006f\u0075\u006e\u0074": {
                                "\u006d\u0069\u006e": 0,
                                "\u006d\u0061\u0078": 1
                            }
                        }
                    ]
                }
            ]
        }
    ]
}