{
	"format_version": "1.13.0",
	"minecraft:feature_rules": {
		"description": {
			"identifier": "rab:wizard_house_feature_rule",
			"places_feature": "rab:wizard_house"
		},
		"conditions": {
			"placement_pass": "before_surface_pass",
			"minecraft:biome_filter": [
				{
					"all_of": [
						{
							"test": "has_biome_tag",
							"operator": "!=",
							"value": "ocean"
						},
						{
							"test": "has_biome_tag",
							"operator": "!=",
							"value": "river"
						},
						{
							"test": "has_biome_tag",
							"operator": "!=",
							"value": "desert"
						},
						{
							"test": "has_biome_tag",
							"operator": "!=",
							"value": "mesa"
						},
						{
							"any_of": [
								{
									"test": "has_biome_tag",
									"operator": "==",
									"value": "overworld"
								}
							]
						}
					]
				}
			]
		},
		"distribution": {
			"iterations": 1,
			"scatter_chance": 0.06,
			"x": 16,
			"y": "query.heightmap(variable.worldx, variable.worldz) + -1",
			"z": 16
		}
	}
}