{
    "\u0066\u006f\u0072\u006d\u0061\u0074\u005f\u0076\u0065\u0072\u0073\u0069\u006f\u006e": "\u0031\u002e\u0038\u002e\u0030",
    "\u0061\u006e\u0069\u006d\u0061\u0074\u0069\u006f\u006e\u0073": {
        "\u0061\u006e\u0069\u006d\u0061\u0074\u0069\u006f\u006e\u002e\u0067\u0061\u0073\u006f\u0070\u006f\u0064\u002e\u0073\u0077\u0069\u006d": {
            "\u006c\u006f\u006f\u0070": true,
            "\u0061\u006e\u0069\u006d\u0061\u0074\u0069\u006f\u006e\u005f\u006c\u0065\u006e\u0067\u0074\u0068": 1,
            "\u0062\u006f\u006e\u0065\u0073": {
                "\u0042\u006f\u0064\u0079": {
                    "\u0072\u006f\u0074\u0061\u0074\u0069\u006f\u006e": {
                        "\u0030\u002e\u0030": [
                            0,
                            0,
                            0
                        ],
                        "\u0030\u002e\u0035\u0031\u0036\u0037": [
                            5,
                            0,
                            0
                        ],
                        "\u0031\u002e\u0030": [
                            0,
                            0,
                            0
                        ]
                    }
                },
                "\u0048\u0065\u0061\u0064": {
                    "\u0072\u006f\u0074\u0061\u0074\u0069\u006f\u006e": {
                        "\u0030\u002e\u0030": [
                            0,
                            0,
                            0
                        ],
                        "\u0030\u002e\u0035": [
                            -10,
                            0,
                            0
                        ],
                        "\u0031\u002e\u0030": [
                            0,
                            0,
                            0
                        ]
                    }
                },
                "\u0054\u0061\u0069\u006c": {
                    "\u0072\u006f\u0074\u0061\u0074\u0069\u006f\u006e": {
                        "\u0030\u002e\u0030": [
                            0,
                            0,
                            0
                        ],
                        "\u0030\u002e\u0035\u0031\u0036\u0037": [
                            20,
                            0,
                            0
                        ],
                        "\u0031\u002e\u0030": [
                            0,
                            0,
                            0
                        ]
                    }
                },
                "\u0042\u0061\u0063\u006b\u0052\u0069\u0067\u0068\u0074": {
                    "\u0072\u006f\u0074\u0061\u0074\u0069\u006f\u006e": {
                        "\u0030\u002e\u0030": [
                            0,
                            0,
                            0
                        ],
                        "\u0030\u002e\u0033\u0031\u0036\u0037": [
                            -32.6,
                            13.2,
                            3.8
                        ],
                        "\u0030\u002e\u0035": [
                            35,
                            5,
                            45
                        ],
                        "\u0031\u002e\u0030": [
                            0,
                            0,
                            0
                        ]
                    }
                },
                "\u0042\u0061\u0063\u006b\u004c\u0065\u0066\u0074": {
                    "\u0072\u006f\u0074\u0061\u0074\u0069\u006f\u006e": {
                        "\u0030\u002e\u0030": [
                            0,
                            0,
                            0
                        ],
                        "\u0030\u002e\u0033\u0031\u0036\u0037": [
                            -27.6,
                            -26.8,
                            1.2
                        ],
                        "\u0030\u002e\u0035": [
                            35,
                            5,
                            -45
                        ],
                        "\u0031\u002e\u0030": [
                            0,
                            0,
                            0
                        ]
                    }
                },
                "\u0046\u0069\u006e": {
                    "\u0072\u006f\u0074\u0061\u0074\u0069\u006f\u006e": {
                        "\u0030\u002e\u0030": [
                            0,
                            0,
                            0
                        ],
                        "\u0030\u002e\u0035": [
                            0,
                            0,
                            0
                        ],
                        "\u0031\u002e\u0030": [
                            0,
                            0,
                            0
                        ]
                    }
                },
                "\u0046\u0069\u006e\u0032": {
                    "\u0072\u006f\u0074\u0061\u0074\u0069\u006f\u006e": {
                        "\u0030\u002e\u0030": [
                            0,
                            0,
                            0
                        ],
                        "\u0030\u002e\u0035": [
                            0,
                            0,
                            0
                        ],
                        "\u0031\u002e\u0030": [
                            0,
                            0,
                            0
                        ]
                    }
                }
            }
        },
        "\u0061\u006e\u0069\u006d\u0061\u0074\u0069\u006f\u006e\u002e\u0067\u0061\u0073\u006f\u0070\u006f\u0064\u002e\u0061\u0074\u0074\u0061\u0063\u006b": {
            "\u006c\u006f\u006f\u0070": true,
            "\u0061\u006e\u0069\u006d\u0061\u0074\u0069\u006f\u006e\u005f\u006c\u0065\u006e\u0067\u0074\u0068": 1.04,
            "\u0062\u006f\u006e\u0065\u0073": {
                "\u0042\u006f\u0064\u0079": {
                    "\u0072\u006f\u0074\u0061\u0074\u0069\u006f\u006e": {
                        "\u0030\u002e\u0030": [
                            0,
                            0,
                            0
                        ],
                        "\u0030\u002e\u0032": [
                            5,
                            0,
                            0
                        ],
                        "\u0030\u002e\u0034\u0038\u0033\u0033": [
                            -5,
                            0,
                            0
                        ],
                        "\u0030\u002e\u0037\u0036\u0036\u0037": [
                            5,
                            0,
                            0
                        ],
                        "\u0031\u002e\u0030\u0033\u0033\u0033": [
                            0,
                            0,
                            0
                        ]
                    }
                },
                "\u0048\u0065\u0061\u0064": {
                    "\u0072\u006f\u0074\u0061\u0074\u0069\u006f\u006e": {
                        "\u0030\u002e\u0030": [
                            0,
                            0,
                            0
                        ],
                        "\u0030\u002e\u0032": [
                            10,
                            0,
                            0
                        ],
                        "\u0030\u002e\u0034\u0038\u0033\u0033": [
                            -10,
                            0,
                            0
                        ],
                        "\u0030\u002e\u0037\u0036\u0036\u0037": [
                            5,
                            0,
                            0
                        ],
                        "\u0031\u002e\u0030\u0033\u0033\u0033": [
                            0,
                            0,
                            0
                        ]
                    }
                },
                "\u0054\u0061\u0069\u006c": {
                    "\u0072\u006f\u0074\u0061\u0074\u0069\u006f\u006e": {
                        "\u0030\u002e\u0030": [
                            0,
                            0,
                            0
                        ],
                        "\u0030\u002e\u0032": [
                            35,
                            0,
                            0
                        ],
                        "\u0030\u002e\u0034\u0038\u0033\u0033": [
                            -20,
                            0,
                            0
                        ],
                        "\u0030\u002e\u0037\u0036\u0036\u0037": [
                            40,
                            0,
                            0
                        ],
                        "\u0031\u002e\u0030\u0033\u0033\u0033": [
                            0,
                            0,
                            0
                        ]
                    }
                },
                "\u0042\u0061\u0063\u006b\u0052\u0069\u0067\u0068\u0074": {
                    "\u0072\u006f\u0074\u0061\u0074\u0069\u006f\u006e": {
                        "\u0030\u002e\u0030": [
                            0,
                            0,
                            0
                        ],
                        "\u0030\u002e\u0032": [
                            0,
                            10,
                            0
                        ],
                        "\u0030\u002e\u0034\u0038\u0033\u0033": [
                            0,
                            15,
                            15
                        ],
                        "\u0030\u002e\u0037\u0036\u0036\u0037": [
                            0,
                            10,
                            -5
                        ],
                        "\u0031\u002e\u0030\u0033\u0033\u0033": [
                            0,
                            0,
                            0
                        ]
                    }
                },
                "\u0042\u0061\u0063\u006b\u004c\u0065\u0066\u0074": {
                    "\u0072\u006f\u0074\u0061\u0074\u0069\u006f\u006e": {
                        "\u0030\u002e\u0030": [
                            0,
                            0,
                            0
                        ],
                        "\u0030\u002e\u0032": [
                            0,
                            -10,
                            -5
                        ],
                        "\u0030\u002e\u0034\u0038\u0033\u0033": [
                            0,
                            -25,
                            -15
                        ],
                        "\u0030\u002e\u0037\u0036\u0036\u0037": [
                            10,
                            5,
                            0
                        ],
                        "\u0031\u002e\u0030\u0033\u0033\u0033": [
                            0,
                            0,
                            0
                        ]
                    }
                }
            }
        },
        "\u0061\u006e\u0069\u006d\u0061\u0074\u0069\u006f\u006e\u002e\u0067\u0061\u0073\u006f\u0070\u006f\u0064\u002e\u0070\u0061\u0072\u0074\u0069\u0063\u006c\u0065": {
            "\u006c\u006f\u006f\u0070": true,
            "\u0061\u006e\u0069\u006d\u0061\u0074\u0069\u006f\u006e\u005f\u006c\u0065\u006e\u0067\u0074\u0068": 1.0,
            "\u0070\u0061\u0072\u0074\u0069\u0063\u006c\u0065\u005f\u0065\u0066\u0066\u0065\u0063\u0074\u0073": {
                "\u0030\u002e\u0030\u0032\u0035": {
                    "\u0065\u0066\u0066\u0065\u0063\u0074": "\u0061\u0070\u006f\u0079\u0031"
                }
            }
        }
    }
}