{
    "\u0066\u006f\u0072\u006d\u0061\u0074\u005f\u0076\u0065\u0072\u0073\u0069\u006f\u006e": "\u0031\u002e\u0038\u002e\u0030",
    "\u0061\u006e\u0069\u006d\u0061\u0074\u0069\u006f\u006e\u0073": {
        "\u0061\u006e\u0069\u006d\u0061\u0074\u0069\u006f\u006e\u002e\u0068\u006f\u006c\u0065\u0066\u0069\u0073\u0068\u002e\u0073\u0077\u0069\u006d": {
            "\u006c\u006f\u006f\u0070": true,
            "\u0061\u006e\u0069\u006d\u0061\u0074\u0069\u006f\u006e\u005f\u006c\u0065\u006e\u0067\u0074\u0068": 0.24,
            "\u0062\u006f\u006e\u0065\u0073": {
                "\u0074\u0061\u0069\u006c": {
                    "\u0072\u006f\u0074\u0061\u0074\u0069\u006f\u006e": {
                        "\u0030\u002e\u0030": [
                            0,
                            15,
                            0
                        ],
                        "\u0030\u002e\u0031\u0031\u0036\u0037": [
                            0,
                            -20,
                            0
                        ],
                        "\u0030\u002e\u0032\u0033\u0033\u0033": [
                            0,
                            15,
                            0
                        ]
                    }
                }
            }
        }
    }
}