{
    "\u0066\u006f\u0072\u006d\u0061\u0074\u005f\u0076\u0065\u0072\u0073\u0069\u006f\u006e": "\u0031\u002e\u0038\u002e\u0030",
    "\u0061\u006e\u0069\u006d\u0061\u0074\u0069\u006f\u006e\u0073": {
        "\u0061\u006e\u0069\u006d\u0061\u0074\u0069\u006f\u006e\u002e\u0070\u0072\u0061\u0077\u006e\u005f\u0066\u0072\u0061\u0067\u006d\u0065\u006e\u0074\u005f\u006f\u006e\u0065": {
            "\u006c\u006f\u006f\u0070": true,
            "\u0062\u006f\u006e\u0065\u0073": {
                "\u006c\u0065\u0067\u0052\u0054": {
                    "\u0072\u006f\u0074\u0061\u0074\u0069\u006f\u006e": [
                        30,
                        0,
                        90
                    ],
                    "\u0070\u006f\u0073\u0069\u0074\u0069\u006f\u006e": [
                        6,
                        -22,
                        -13
                    ]
                },
                "\u006c\u0065\u0067\u004c\u0054": {
                    "\u0072\u006f\u0074\u0061\u0074\u0069\u006f\u006e": [
                        155,
                        0,
                        -90
                    ],
                    "\u0070\u006f\u0073\u0069\u0074\u0069\u006f\u006e": [
                        5,
                        -23,
                        -8
                    ]
                }
            }
        }
    }
}