{
    "\u0066\u006f\u0072\u006d\u0061\u0074\u005f\u0076\u0065\u0072\u0073\u0069\u006f\u006e": "\u0031\u002e\u0038\u002e\u0030",
    "\u0061\u006e\u0069\u006d\u0061\u0074\u0069\u006f\u006e\u0073": {
        "\u0061\u006e\u0069\u006d\u0061\u0074\u0069\u006f\u006e\u002e\u0072\u0065\u0061\u0070\u0065\u0072\u002e\u0073\u0077\u0069\u006d": {
            "\u006c\u006f\u006f\u0070": true,
            "\u0061\u006e\u0069\u006d\u0061\u0074\u0069\u006f\u006e\u005f\u006c\u0065\u006e\u0067\u0074\u0068": 1,
            "\u0062\u006f\u006e\u0065\u0073": {
                "\u0068\u0065\u0061\u0064": {
                    "\u0072\u006f\u0074\u0061\u0074\u0069\u006f\u006e": {
                        "\u0030\u002e\u0030": [
                            0,
                            0,
                            0
                        ],
                        "\u0030\u002e\u0031\u0036\u0036\u0037": [
                            0,
                            0,
                            0
                        ],
                        "\u0030\u002e\u0033\u0031\u0036\u0037": [
                            -5,
                            0,
                            5
                        ],
                        "\u0030\u002e\u0035\u0031\u0036\u0037": [
                            -1.87,
                            0,
                            1.88
                        ],
                        "\u0030\u002e\u0036\u0033\u0033\u0033": [
                            -10,
                            0,
                            -5
                        ],
                        "\u0031\u002e\u0030": [
                            0,
                            0,
                            0
                        ]
                    }
                },
                "\u0066\u0075\u006c\u006c\u0062\u006f\u0074\u0074\u006f\u006d\u006a\u0061\u0077": {
                    "\u0072\u006f\u0074\u0061\u0074\u0069\u006f\u006e": {
                        "\u0030\u002e\u0030": [
                            -15,
                            0,
                            0
                        ],
                        "\u0030\u002e\u0032\u0033\u0033\u0033": [
                            -16.25,
                            0,
                            0
                        ],
                        "\u0030\u002e\u0033\u0031\u0036\u0037": [
                            -5,
                            0,
                            0
                        ],
                        "\u0030\u002e\u0033\u0036\u0036\u0037": [
                            -11.25,
                            0,
                            0
                        ],
                        "\u0030\u002e\u0035\u0036\u0036\u0037": [
                            -13.93,
                            0,
                            0
                        ],
                        "\u0030\u002e\u0036\u0033\u0033\u0033": [
                            0,
                            0,
                            0
                        ],
                        "\u0030\u002e\u0037\u0031\u0036\u0037": [
                            -18.33,
                            0,
                            0
                        ],
                        "\u0031\u002e\u0030": [
                            -15,
                            0,
                            0
                        ]
                    }
                }
            }
        },
        "\u0061\u006e\u0069\u006d\u0061\u0074\u0069\u006f\u006e\u002e\u0072\u0065\u0061\u0070\u0065\u0072\u002e\u0073\u0077\u0069\u006d\u002e\u006e": {
            "\u006c\u006f\u006f\u0070": true,
            "\u0062\u006f\u006e\u0065\u0073": {
                "\u0072\u0065\u0061\u0070\u0065\u0072": {
                    "\u0072\u006f\u0074\u0061\u0074\u0069\u006f\u006e": [
                        "\u0071\u0075\u0065\u0072\u0079\u002e\u0076\u0061\u0072\u0069\u0061\u006e\u0074\u0020\u003d\u003d\u0020\u0030\u0020\u003f\u0020\u0071\u0075\u0065\u0072\u0079\u002e\u0074\u0061\u0072\u0067\u0065\u0074\u005f\u0078\u005f\u0072\u006f\u0074\u0061\u0074\u0069\u006f\u006e\u0020\u002d\u0020\u0032\u002e\u0038\u0036\u0035\u0020\u002b\u0020\u0028\u002d\u0032\u002e\u0038\u0036\u0035\u0020\u002a\u0020\u006d\u0061\u0074\u0068\u002e\u0063\u006f\u0073\u0028\u0071\u0075\u0065\u0072\u0079\u002e\u006c\u0069\u0066\u0065\u005f\u0074\u0069\u006d\u0065\u0020\u002a\u0020\u0033\u0034\u0033\u002e\u0038\u0029\u0029\u0020\u003a\u0020\u002d\u0071\u0075\u0065\u0072\u0079\u002e\u0074\u0061\u0072\u0067\u0065\u0074\u005f\u0078\u005f\u0072\u006f\u0074\u0061\u0074\u0069\u006f\u006e\u0020\u002d\u0020\u0032\u002e\u0038\u0036\u0035\u0020\u002b\u0020\u0028\u002d\u0032\u002e\u0038\u0036\u0035\u0020\u002a\u0020\u006d\u0061\u0074\u0068\u002e\u0063\u006f\u0073\u0028\u0071\u0075\u0065\u0072\u0079\u002e\u006c\u0069\u0066\u0065\u005f\u0074\u0069\u006d\u0065\u0020\u002a\u0020\u0033\u0034\u0033\u002e\u0038\u0029\u0029",
                        "\u0071\u0075\u0065\u0072\u0079\u002e\u0076\u0061\u0072\u0069\u0061\u006e\u0074\u0020\u003d\u003d\u0020\u0030\u0020\u003f\u0020\u0071\u0075\u0065\u0072\u0079\u002e\u0074\u0061\u0072\u0067\u0065\u0074\u005f\u0079\u005f\u0072\u006f\u0074\u0061\u0074\u0069\u006f\u006e\u0020\u003a\u0020\u002d\u0071\u0075\u0065\u0072\u0079\u002e\u0074\u0061\u0072\u0067\u0065\u0074\u005f\u0079\u005f\u0072\u006f\u0074\u0061\u0074\u0069\u006f\u006e",
                        "\u0076\u0061\u0072\u0069\u0061\u0062\u006c\u0065\u002e\u007a"
                    ]
                },
                "\u0062\u006f\u0064\u0079\u0073\u0065\u0063\u0074\u0069\u006f\u006e\u0031": {
                    "\u0072\u006f\u0074\u0061\u0074\u0069\u006f\u006e": [
                        0,
                        "\u004d\u0061\u0074\u0068\u002e\u0073\u0069\u006e\u0028\u0071\u0075\u0065\u0072\u0079\u002e\u0061\u006e\u0069\u006d\u005f\u0074\u0069\u006d\u0065\u002a\u0032\u0030\u0030\u0029\u0020\u002a\u0020\u0035\u002e\u0030",
                        0
                    ]
                },
                "\u0062\u006f\u0064\u0079\u0073\u0065\u0063\u0074\u0069\u006f\u006e\u0032": {
                    "\u0072\u006f\u0074\u0061\u0074\u0069\u006f\u006e": [
                        "\u006d\u0061\u0074\u0068\u002e\u0073\u0069\u006e\u0028\u0071\u0075\u0065\u0072\u0079\u002e\u0061\u006e\u0069\u006d\u005f\u0074\u0069\u006d\u0065\u0020\u002a\u0020\u0034\u0033\u0030\u002e\u0030\u0029\u0020\u002a\u0020\u002d\u0031\u0030\u002e\u0030\u0020",
                        "\u0076\u0061\u0072\u0069\u0061\u0062\u006c\u0065\u002e\u0074\u0075\u0072\u006e",
                        0
                    ]
                },
                "\u0062\u006f\u0064\u0079\u0073\u0065\u0063\u0074\u0069\u006f\u006e\u0033": {
                    "\u0072\u006f\u0074\u0061\u0074\u0069\u006f\u006e": [
                        "\u006d\u0061\u0074\u0068\u002e\u0073\u0069\u006e\u0028\u0071\u0075\u0065\u0072\u0079\u002e\u0061\u006e\u0069\u006d\u005f\u0074\u0069\u006d\u0065\u0020\u002a\u0020\u0034\u0033\u0030\u002e\u0030\u0029\u0020\u002a\u0020\u0035\u002e\u0030\u0020",
                        "\u0076\u0061\u0072\u0069\u0061\u0062\u006c\u0065\u002e\u0074\u0075\u0072\u006e",
                        0
                    ]
                },
                "\u0062\u006f\u0064\u0079\u0073\u0065\u0063\u0074\u0069\u006f\u006e\u0034": {
                    "\u0072\u006f\u0074\u0061\u0074\u0069\u006f\u006e": [
                        "\u006d\u0061\u0074\u0068\u002e\u0073\u0069\u006e\u0028\u0071\u0075\u0065\u0072\u0079\u002e\u0061\u006e\u0069\u006d\u005f\u0074\u0069\u006d\u0065\u0020\u002a\u0020\u0034\u0033\u0030\u002e\u0030\u0029\u0020\u002a\u0020\u0035\u002e\u0030\u0020",
                        "\u0076\u0061\u0072\u0069\u0061\u0062\u006c\u0065\u002e\u0074\u0075\u0072\u006e",
                        0
                    ]
                },
                "\u0062\u006f\u0064\u0079\u0073\u0065\u0063\u0074\u0069\u006f\u006e\u0035": {
                    "\u0072\u006f\u0074\u0061\u0074\u0069\u006f\u006e": [
                        "\u006d\u0061\u0074\u0068\u002e\u0073\u0069\u006e\u0028\u0071\u0075\u0065\u0072\u0079\u002e\u0061\u006e\u0069\u006d\u005f\u0074\u0069\u006d\u0065\u0020\u002a\u0020\u0034\u0033\u0030\u002e\u0030\u0029\u0020\u002a\u0020\u0035\u002e\u0030\u0020",
                        "\u0076\u0061\u0072\u0069\u0061\u0062\u006c\u0065\u002e\u0074\u0075\u0072\u006e",
                        0
                    ]
                },
                "\u0062\u006f\u0064\u0079\u0073\u0065\u0063\u0074\u0069\u006f\u006e\u0036": {
                    "\u0072\u006f\u0074\u0061\u0074\u0069\u006f\u006e": [
                        "\u006d\u0061\u0074\u0068\u002e\u0073\u0069\u006e\u0028\u0071\u0075\u0065\u0072\u0079\u002e\u0061\u006e\u0069\u006d\u005f\u0074\u0069\u006d\u0065\u0020\u002a\u0020\u0034\u0033\u0030\u002e\u0030\u0029\u0020\u002a\u0020\u0035\u002e\u0030\u0020",
                        "\u0076\u0061\u0072\u0069\u0061\u0062\u006c\u0065\u002e\u0074\u0075\u0072\u006e",
                        0
                    ]
                },
                "\u0062\u006f\u0064\u0079\u0073\u0065\u0063\u0074\u0069\u006f\u006e\u0037": {
                    "\u0072\u006f\u0074\u0061\u0074\u0069\u006f\u006e": [
                        "\u006d\u0061\u0074\u0068\u002e\u0073\u0069\u006e\u0028\u0071\u0075\u0065\u0072\u0079\u002e\u0061\u006e\u0069\u006d\u005f\u0074\u0069\u006d\u0065\u0020\u002a\u0020\u0034\u0033\u0030\u002e\u0030\u0029\u0020\u002a\u0020\u0035\u002e\u0030\u0020",
                        "\u0076\u0061\u0072\u0069\u0061\u0062\u006c\u0065\u002e\u0074\u0075\u0072\u006e",
                        0
                    ]
                },
                "\u0062\u006f\u0064\u0079\u0073\u0065\u0063\u0074\u0069\u006f\u006e\u0038": {
                    "\u0072\u006f\u0074\u0061\u0074\u0069\u006f\u006e": [
                        "\u006d\u0061\u0074\u0068\u002e\u0073\u0069\u006e\u0028\u0071\u0075\u0065\u0072\u0079\u002e\u0061\u006e\u0069\u006d\u005f\u0074\u0069\u006d\u0065\u0020\u002a\u0020\u0034\u0033\u0030\u002e\u0030\u0029\u0020\u002a\u0020\u0035\u002e\u0030\u0020",
                        "\u0076\u0061\u0072\u0069\u0061\u0062\u006c\u0065\u002e\u0074\u0075\u0072\u006e",
                        0
                    ]
                },
                "\u0074\u0061\u0069\u006c": {
                    "\u0072\u006f\u0074\u0061\u0074\u0069\u006f\u006e": [
                        "\u006d\u0061\u0074\u0068\u002e\u0073\u0069\u006e\u0028\u0071\u0075\u0065\u0072\u0079\u002e\u0061\u006e\u0069\u006d\u005f\u0074\u0069\u006d\u0065\u0020\u002a\u0020\u0034\u0033\u0030\u002e\u0030\u0029\u0020\u002a\u0020\u0035\u002e\u0030\u0020",
                        "\u0076\u0061\u0072\u0069\u0061\u0062\u006c\u0065\u002e\u0074\u0075\u0072\u006e",
                        0
                    ]
                }
            }
        }
    }
}