{
	"file_uuid": "9d59903a_d33d_4d07_bb6c_3ef148ffdb4b",
	"file_path": "C:\\Users\\nilod\\AppData\\Local\\Packages\\Microsoft.MinecraftUWP_8wekyb3d8bbwe\\LocalState\\games\\com.mojang\\development_behavior_packs\\cubito\\entities\\mosasaurus.json",
	"file_type": "entity",
	"format_version": 1,
	"file_version": 5,
	"cache_content": {
		"children": [
			{
				"data": "1.8.0",
				"key": "format_version"
			},
			{
				"open": {
					"format_version": "1.8.0",
					"minecraft:entity": {
						"description": {
							"identifier": "mm:mosasaurus",
							"is_spawnable": true,
							"is_summonable": true,
							"is_experimental": false
						},
						"component_groups": {},
						"components": {
							"minecraft:type_family": {
								"family": [
									"cod",
									"fish"
								]
							},
							"minecraft:collision_box": {
								"width": 6,
								"height": 2
							},
							"minecraft:health": {
								"value": 100,
								"max": 100
							},
							"minecraft:loot": {
								"table": "loot_tables/entities/fish.json"
							},
							"minecraft:scale": {
								"value": 1
							},
							"minecraft:breathable": {
								"totalSupply": 15,
								"suffocateTime": 0,
								"breathesAir": false,
								"breathesWater": true
							},
							"minecraft:movement": {
								"value": 0.1
							},
							"minecraft:underwater_movement": {
								"value": 0.4
							},
							"minecraft:navigation.generic": {
								"is_amphibious": false,
								"can_path_over_water": false,
								"can_swim": true,
								"can_walk": false,
								"can_breach": false,
								"can_sink": false
							},
							"minecraft:physics": {
								"has_gravity": true
							},
							"minecraft:movement.sway": {
								"sway_amplitude": 0
							},
							"minecraft:behavior.swim_idle": {
								"priority": 5
							},
							"minecraft:behavior.random_swim": {
								"priority": 3,
								"speed_multiplier": 1,
								"xz_dist": 26,
								"y_dist": 8,
								"interval": 0
							},
							"minecraft:behavior.swim_wander": {
								"priority": 4,
								"speed_multiplier": 1,
								"interval": 10,
								"look_ahead": 2
							},
							"minecraft:nameable": {
								"alwaysShow": false,
								"allowNameTagRenaming": false
							},
							"minecraft:experience_reward": {
								"on_death": "query.last_hit_by_player ? 10 : 0"
							},
							"minecraft:attack": {
								"damage": 10
							},
							"minecraft:behavior.melee_attack": {
								"priority": 2,
								"speed_multiplier": 1,
								"target_dist": 0,
								"max_dist": 3,
								"random_stop_interval": 100,
								"track_target": true,
								"reach_multiplier": 1.4
							},
							"minecraft:behavior.nearest_attackable_target": {
								"priority": 1,
								"within_radius": 25,
								"must_reach": false,
								"entity_types": [
									{
										"filters": {
											"other_with_families": [
												"player",
												"irongolem",
												"snowgolem",
												"dolphin",
												"squid",
												"turtle",
												"salmon",
												"boat",
												"drowned",
												"guardian",
												"pufferfish",
												"tropicalfish",
												"villager"
											]
										},
										"max_dist": 35,
										"must_see": false,
										"walk_speed_multiplier": 1,
										"sprint_speed_multiplier": 1,
										"within_default": 1
									}
								],
								"must_see": false,
								"speed_multiplier": 1
							}
						}
					},
					"events": {}
				},
				"key": "minecraft:entity",
				"children": [
					{
						"key": "description",
						"is_minified": true,
						"children": {
							"identifier": "mm:mosasaurus",
							"is_spawnable": true,
							"is_summonable": true,
							"is_experimental": false
						}
					},
					{
						"open": {
							"description": {
								"identifier": "mm:mosasaurus",
								"is_spawnable": true,
								"is_summonable": true,
								"is_experimental": false
							},
							"component_groups": {},
							"components": {
								"minecraft:type_family": {
									"family": [
										"cod",
										"fish"
									]
								},
								"minecraft:collision_box": {
									"width": 6,
									"height": 2
								},
								"minecraft:health": {
									"value": 100,
									"max": 100
								},
								"minecraft:loot": {
									"table": "loot_tables/entities/fish.json"
								},
								"minecraft:scale": {
									"value": 1
								},
								"minecraft:breathable": {
									"totalSupply": 15,
									"suffocateTime": 0,
									"breathesAir": false,
									"breathesWater": true
								},
								"minecraft:movement": {
									"value": 0.1
								},
								"minecraft:underwater_movement": {
									"value": 0.4
								},
								"minecraft:navigation.generic": {
									"is_amphibious": false,
									"can_path_over_water": false,
									"can_swim": true,
									"can_walk": false,
									"can_breach": false,
									"can_sink": false
								},
								"minecraft:physics": {
									"has_gravity": true
								},
								"minecraft:movement.sway": {
									"sway_amplitude": 0
								},
								"minecraft:behavior.swim_idle": {
									"priority": 5
								},
								"minecraft:behavior.random_swim": {
									"priority": 3,
									"speed_multiplier": 1,
									"xz_dist": 26,
									"y_dist": 8,
									"interval": 0
								},
								"minecraft:behavior.swim_wander": {
									"priority": 4,
									"speed_multiplier": 1,
									"interval": 10,
									"look_ahead": 2
								},
								"minecraft:nameable": {
									"alwaysShow": false,
									"allowNameTagRenaming": false
								},
								"minecraft:experience_reward": {
									"on_death": "query.last_hit_by_player ? 10 : 0"
								},
								"minecraft:attack": {
									"damage": 10
								},
								"minecraft:behavior.melee_attack": {
									"priority": 2,
									"speed_multiplier": 1,
									"target_dist": 0,
									"max_dist": 3,
									"random_stop_interval": 100,
									"track_target": true,
									"reach_multiplier": 1.4
								},
								"minecraft:behavior.nearest_attackable_target": {
									"priority": 1,
									"within_radius": 25,
									"must_reach": false,
									"entity_types": [
										{
											"filters": {
												"other_with_families": [
													"player",
													"irongolem",
													"snowgolem",
													"dolphin",
													"squid",
													"turtle",
													"salmon",
													"boat",
													"drowned",
													"guardian",
													"pufferfish",
													"tropicalfish",
													"villager"
												]
											},
											"max_dist": 35,
											"must_see": false,
											"walk_speed_multiplier": 1,
											"sprint_speed_multiplier": 1,
											"within_default": 1
										}
									],
									"must_see": false,
									"speed_multiplier": 1
								}
							}
						},
						"key": "component_groups",
						"is_minified": true,
						"children": {}
					},
					{
						"key": "components",
						"children": [
							{
								"key": "minecraft:type_family",
								"children": [
									{
										"open": {
											"family": [
												"cod",
												"fish"
											]
										},
										"key": "family",
										"is_minified": true,
										"children": [
											"cod",
											"fish"
										]
									}
								]
							},
							{
								"key": "minecraft:collision_box",
								"is_minified": true,
								"children": {
									"width": 6,
									"height": 2
								}
							},
							{
								"key": "minecraft:health",
								"is_minified": true,
								"children": {
									"value": 100,
									"max": 100
								}
							},
							{
								"key": "minecraft:loot",
								"is_minified": true,
								"children": {
									"table": "loot_tables/entities/fish.json"
								}
							},
							{
								"key": "minecraft:scale",
								"is_minified": true,
								"children": {
									"value": 1
								}
							},
							{
								"key": "minecraft:breathable",
								"is_minified": true,
								"children": {
									"totalSupply": 15,
									"suffocateTime": 0,
									"breathesAir": false,
									"breathesWater": true
								}
							},
							{
								"key": "minecraft:movement",
								"is_minified": true,
								"children": {
									"value": 0.1
								}
							},
							{
								"key": "minecraft:underwater_movement",
								"is_minified": true,
								"children": {
									"value": 0.4
								}
							},
							{
								"key": "minecraft:navigation.generic",
								"is_minified": true,
								"children": {
									"is_amphibious": false,
									"can_path_over_water": false,
									"can_swim": true,
									"can_walk": false,
									"can_breach": false,
									"can_sink": false
								}
							},
							{
								"key": "minecraft:physics",
								"is_minified": true,
								"children": {
									"has_gravity": true
								}
							},
							{
								"key": "minecraft:movement.sway",
								"is_minified": true,
								"children": {
									"sway_amplitude": 0
								}
							},
							{
								"key": "minecraft:behavior.swim_idle",
								"is_minified": true,
								"children": {
									"priority": 5
								}
							},
							{
								"key": "minecraft:behavior.random_swim",
								"is_minified": true,
								"children": {
									"priority": 3,
									"speed_multiplier": 1,
									"xz_dist": 26,
									"y_dist": 8,
									"interval": 0
								}
							},
							{
								"key": "minecraft:behavior.swim_wander",
								"is_minified": true,
								"children": {
									"priority": 4,
									"speed_multiplier": 1,
									"interval": 10,
									"look_ahead": 2
								}
							},
							{
								"key": "minecraft:nameable",
								"is_minified": true,
								"children": {
									"alwaysShow": false,
									"allowNameTagRenaming": false
								}
							},
							{
								"key": "minecraft:experience_reward",
								"is_minified": true,
								"children": {
									"on_death": "query.last_hit_by_player ? 10 : 0"
								}
							},
							{
								"key": "minecraft:attack",
								"is_minified": true,
								"children": {
									"damage": 10
								}
							},
							{
								"key": "minecraft:behavior.melee_attack",
								"is_minified": true,
								"children": {
									"priority": 2,
									"speed_multiplier": 1,
									"target_dist": 0,
									"max_dist": 3,
									"random_stop_interval": 100,
									"track_target": true,
									"reach_multiplier": 1.4
								}
							},
							{
								"key": "minecraft:behavior.nearest_attackable_target",
								"children": [
									{
										"data": "1",
										"key": "priority"
									},
									{
										"data": "25",
										"key": "within_radius"
									},
									{
										"data": "false",
										"key": "must_reach"
									},
									{
										"open": {
											"priority": 1,
											"within_radius": 25,
											"must_reach": false,
											"entity_types": [
												{
													"filters": {
														"other_with_families": [
															"player",
															"irongolem",
															"snowgolem",
															"dolphin",
															"squid",
															"turtle",
															"salmon",
															"boat",
															"drowned",
															"guardian",
															"pufferfish",
															"tropicalfish",
															"villager"
														]
													},
													"max_dist": 35,
													"must_see": false,
													"walk_speed_multiplier": 1,
													"sprint_speed_multiplier": 1,
													"within_default": 1
												}
											],
											"must_see": false,
											"speed_multiplier": 1
										},
										"key": "entity_types",
										"children": [
											{
												"open": [
													{
														"filters": {
															"other_with_families": [
																"player",
																"irongolem",
																"snowgolem",
																"dolphin",
																"squid",
																"turtle",
																"salmon",
																"boat",
																"drowned",
																"guardian",
																"pufferfish",
																"tropicalfish",
																"villager"
															]
														},
														"max_dist": 35,
														"must_see": false,
														"walk_speed_multiplier": 1,
														"sprint_speed_multiplier": 1,
														"within_default": 1
													}
												],
												"children": [
													{
														"open": {
															"filters": {
																"other_with_families": [
																	"player",
																	"irongolem",
																	"snowgolem",
																	"dolphin",
																	"squid",
																	"turtle",
																	"salmon",
																	"boat",
																	"drowned",
																	"guardian",
																	"pufferfish",
																	"tropicalfish",
																	"villager"
																]
															},
															"max_dist": 35,
															"must_see": false,
															"walk_speed_multiplier": 1,
															"sprint_speed_multiplier": 1,
															"within_default": 1
														},
														"key": "filters",
														"children": [
															{
																"open": {
																	"other_with_families": [
																		"player",
																		"irongolem",
																		"snowgolem",
																		"dolphin",
																		"squid",
																		"turtle",
																		"salmon",
																		"boat",
																		"drowned",
																		"guardian",
																		"pufferfish",
																		"tropicalfish",
																		"villager"
																	]
																},
																"key": "other_with_families",
																"is_minified": true,
																"children": [
																	"player",
																	"irongolem",
																	"snowgolem",
																	"dolphin",
																	"squid",
																	"turtle",
																	"salmon",
																	"boat",
																	"drowned",
																	"guardian",
																	"pufferfish",
																	"tropicalfish",
																	"villager"
																]
															}
														]
													},
													{
														"data": "35",
														"key": "max_dist"
													},
													{
														"data": "false",
														"key": "must_see"
													},
													{
														"data": "1",
														"key": "walk_speed_multiplier"
													},
													{
														"data": "1",
														"key": "sprint_speed_multiplier"
													},
													{
														"data": "1",
														"key": "within_default"
													}
												]
											}
										]
									},
									{
										"data": "false",
										"key": "must_see"
									},
									{
										"data": "1",
										"key": "speed_multiplier"
									}
								]
							}
						]
					}
				]
			},
			{
				"key": "events",
				"is_minified": true,
				"children": {}
			}
		]
	}
}