{
	"file_path": "C:\\Users\\nilod\\AppData\\Local\\Packages\\Microsoft.MinecraftUWP_8wekyb3d8bbwe\\LocalState\\games\\com.mojang\\development_behavior_packs\\cubito\\entities\\mosasaurusSE.json",
	"file_type": "entity",
	"format_version": 1,
	"file_uuid": "461a24a9_6f39_4db4_b1a8_5c1718675852",
	"file_version": 0,
	"cache_content": {
		"children": [
			{
				"data": "1.16.0",
				"key": "format_version"
			},
			{
				"open": {
					"format_version": "1.16.0",
					"minecraft:item": {
						"description": {
							"identifier": "mm:mosasaurus_spawn_egg"
						},
						"components": {
							"minecraft:stacked_by_data": true,
							"minecraft:liquid_clipped": true,
							"minecraft:entity_placer": {
								"entity": "mm:mosasaurus"
							}
						}
					}
				},
				"key": "minecraft:item",
				"children": [
					{
						"open": {
							"description": {
								"identifier": "minecraft:bat_spawn_egg"
							},
							"components": {
								"minecraft:stacked_by_data": true,
								"minecraft:liquid_clipped": true,
								"minecraft:entity_placer": {
									"entity": "minecraft:bat"
								}
							}
						},
						"key": "description",
						"is_minified": true,
						"children": {
							"identifier": "mm:mosasaurus_spawn_egg"
						}
					},
					{
						"open": {
							"description": {
								"identifier": "minecraft:bat_spawn_egg"
							},
							"components": {
								"minecraft:stacked_by_data": true,
								"minecraft:liquid_clipped": true,
								"minecraft:entity_placer": {
									"entity": "minecraft:bat"
								}
							}
						},
						"key": "components",
						"children": [
							{
								"data": "true",
								"key": "minecraft:stacked_by_data"
							},
							{
								"data": "true",
								"key": "minecraft:liquid_clipped"
							},
							{
								"open": {
									"minecraft:stacked_by_data": true,
									"minecraft:liquid_clipped": true,
									"minecraft:entity_placer": {
										"entity": "minecraft:bat"
									}
								},
								"key": "minecraft:entity_placer",
								"is_minified": true,
								"children": {
									"entity": "mm:mosasaurus"
								}
							}
						]
					}
				]
			}
		]
	}
}