{
	"file_path": "C:\\Users\\nilod\\AppData\\Local\\Packages\\Microsoft.MinecraftUWP_8wekyb3d8bbwe\\LocalState\\games\\com.mojang\\development_resource_packs\\Prehistory\\attachables\\scaly_boots.json",
	"file_type": "attachable",
	"format_version": 1,
	"file_uuid": "40212b96_d1b5_4efe_aba5_ea19e3ba6433",
	"file_version": 1,
	"cache_content": {
		"children": [
			{
				"data": "1.8.0",
				"key": "format_version"
			},
			{
				"open": {
					"format_version": "1.8.0",
					"minecraft:attachable": {
						"description": {
							"identifier": "ph:scaly_boots",
							"materials": {
								"default": "armor",
								"enchanted": "armor_enchanted"
							},
							"textures": {
								"default": "textures/models/armor/diamond_1",
								"enchanted": "textures/misc/enchanted_item_glint"
							},
							"geometry": {
								"default": "geometry.humanoid.armor.boots"
							},
							"scripts": {
								"parent_setup": "variable.boot_layer_visible = 0.0;"
							},
							"render_controllers": [
								"controller.render.armor"
							]
						}
					}
				},
				"key": "minecraft:attachable",
				"children": [
					{
						"open": {
							"description": {
								"identifier": "ph:scaly_boots",
								"materials": {
									"default": "armor",
									"enchanted": "armor_enchanted"
								},
								"textures": {
									"default": "textures/models/armor/diamond_1",
									"enchanted": "textures/misc/enchanted_item_glint"
								},
								"geometry": {
									"default": "geometry.humanoid.armor.boots"
								},
								"scripts": {
									"parent_setup": "variable.boot_layer_visible = 0.0;"
								},
								"render_controllers": [
									"controller.render.armor"
								]
							}
						},
						"key": "description",
						"children": [
							{
								"open": {
									"identifier": "ph:scaly_boots",
									"materials": {
										"default": "armor",
										"enchanted": "armor_enchanted"
									},
									"textures": {
										"default": "textures/models/armor/diamond_1",
										"enchanted": "textures/misc/enchanted_item_glint"
									},
									"geometry": {
										"default": "geometry.humanoid.armor.boots"
									},
									"scripts": {
										"parent_setup": "variable.boot_layer_visible = 0.0;"
									},
									"render_controllers": [
										"controller.render.armor"
									]
								},
								"data": "ph:scaly_boots",
								"key": "identifier"
							},
							{
								"open": {
									"identifier": "ph:scaly_boots",
									"materials": {
										"default": "armor",
										"enchanted": "armor_enchanted"
									},
									"textures": {
										"default": "textures/models/armor/diamond_1",
										"enchanted": "textures/misc/enchanted_item_glint"
									},
									"geometry": {
										"default": "geometry.humanoid.armor.boots"
									},
									"scripts": {
										"parent_setup": "variable.boot_layer_visible = 0.0;"
									},
									"render_controllers": [
										"controller.render.armor"
									]
								},
								"key": "materials",
								"is_minified": true,
								"children": {
									"default": "armor",
									"enchanted": "armor_enchanted"
								}
							},
							{
								"open": {
									"identifier": "ph:scaly_boots",
									"materials": {
										"default": "armor",
										"enchanted": "armor_enchanted"
									},
									"textures": {
										"default": "textures/models/armor/diamond_1",
										"enchanted": "textures/misc/enchanted_item_glint"
									},
									"geometry": {
										"default": "geometry.humanoid.armor.boots"
									},
									"scripts": {
										"parent_setup": "variable.boot_layer_visible = 0.0;"
									},
									"render_controllers": [
										"controller.render.armor"
									]
								},
								"key": "textures",
								"is_minified": true,
								"children": {
									"default": "textures/models/armor/diamond_1",
									"enchanted": "textures/misc/enchanted_item_glint"
								}
							},
							{
								"open": {
									"identifier": "ph:scaly_boots",
									"materials": {
										"default": "armor",
										"enchanted": "armor_enchanted"
									},
									"textures": {
										"default": "textures/models/armor/diamond_1",
										"enchanted": "textures/misc/enchanted_item_glint"
									},
									"geometry": {
										"default": "geometry.humanoid.armor.boots"
									},
									"scripts": {
										"parent_setup": "variable.boot_layer_visible = 0.0;"
									},
									"render_controllers": [
										"controller.render.armor"
									]
								},
								"key": "geometry",
								"is_minified": true,
								"children": {
									"default": "geometry.humanoid.armor.boots"
								}
							},
							{
								"open": {
									"identifier": "ph:scaly_boots",
									"materials": {
										"default": "armor",
										"enchanted": "armor_enchanted"
									},
									"textures": {
										"default": "textures/models/armor/diamond_1",
										"enchanted": "textures/misc/enchanted_item_glint"
									},
									"geometry": {
										"default": "geometry.humanoid.armor.boots"
									},
									"scripts": {
										"parent_setup": "variable.boot_layer_visible = 0.0;"
									},
									"render_controllers": [
										"controller.render.armor"
									]
								},
								"key": "scripts",
								"is_minified": true,
								"children": {
									"parent_setup": "variable.boot_layer_visible = 0.0;"
								}
							},
							{
								"open": {
									"identifier": "ph:scaly_boots",
									"materials": {
										"default": "armor",
										"enchanted": "armor_enchanted"
									},
									"textures": {
										"default": "textures/models/armor/diamond_1",
										"enchanted": "textures/misc/enchanted_item_glint"
									},
									"geometry": {
										"default": "geometry.humanoid.armor.boots"
									},
									"scripts": {
										"parent_setup": "variable.boot_layer_visible = 0.0;"
									},
									"render_controllers": [
										"controller.render.armor"
									]
								},
								"key": "render_controllers",
								"is_minified": true,
								"children": [
									"controller.render.armor"
								]
							}
						]
					}
				]
			}
		]
	}
}