{
	"file_path": "C:\\Users\\nilod\\AppData\\Local\\Packages\\Microsoft.MinecraftUWP_8wekyb3d8bbwe\\LocalState\\games\\com.mojang\\development_resource_packs\\Prehistory\\render_controllers\\megalodon.json",
	"file_type": "render_controller",
	"format_version": 1,
	"file_uuid": "48576253_6895_4120_8a68_3d6ecbd18e24",
	"file_version": 5,
	"cache_content": {
		"children": [
			{
				"data": "1.8.0",
				"key": "format_version"
			},
			{
				"open": {
					"format_version": "1.8.0",
					"render_controllers": {
						"controller.render.megalodon": {
							"arrays": {
								"textures": {
									"Array.skins": [
										"Texture.male",
										"Texture.female"
									]
								}
							},
							"geometry": "Geometry.default",
							"materials": [
								{
									"*": "Material.default"
								}
							],
							"textures": [
								"Array.skins[query.variant]"
							]
						}
					}
				},
				"key": "render_controllers",
				"children": [
					{
						"open": {
							"controller.render.megalodon": {
								"arrays": {
									"textures": {
										"Array.skins": [
											"Texture.male",
											"Texture.female"
										]
									}
								},
								"geometry": "Geometry.default",
								"materials": [
									{
										"*": "Material.default"
									}
								],
								"textures": [
									"Array.skins[query.variant]"
								]
							}
						},
						"key": "controller.render.megalodon",
						"children": [
							{
								"key": "arrays",
								"children": [
									{
										"key": "textures",
										"children": [
											{
												"open": {
													"Array.skins": [
														"Texture.male",
														"Texture.female"
													]
												},
												"key": "Array.skins",
												"is_minified": true,
												"children": [
													"Texture.male",
													"Texture.female"
												]
											}
										]
									}
								]
							},
							{
								"data": "Geometry.default",
								"key": "geometry"
							},
							{
								"key": "materials",
								"is_minified": true,
								"children": [
									{
										"*": "Material.default"
									}
								]
							},
							{
								"open": {
									"arrays": {
										"textures": {
											"Array.skins": [
												"Texture.male",
												"Texture.female"
											]
										}
									},
									"geometry": "Geometry.default",
									"materials": [
										{
											"*": "Material.default"
										}
									],
									"textures": [
										"Array.skins[query.variant]"
									]
								},
								"key": "textures",
								"is_minified": true,
								"children": [
									"Array.skins[query.variant]"
								]
							}
						]
					}
				]
			}
		]
	}
}