{
	"format_version": "1.10.0",
	"minecraft:client_entity": {
		"description": {
			"identifier": "rab:jade_dragon_death",
			"materials": {
				"default": "entity_alphatest",
				"firing": "entity_emissive_alpha"
			},
			"textures": {
				"default": "textures/entity/jade_dragon"
			},
			"geometry": {
				"default": "geometry.jade_dragon"
			},
			"animations": {
				"death": "animation.jade_dragon.death"
			},
			"scripts": {
				"animate": [
					"death"
				]
			},
			"render_controllers": [
				"controller.render.jade_dragon"
			]
		}
	}
}