{
	"format_version": "1.10.0",
	"minecraft:client_entity": {
		"description": {
			"identifier": "rab:jellyfish",
			"materials": {
				"default": "entity_alphablend"
			},
			"textures": {
				"orange": "textures/entity/jellyfish/jellyfish1",
				"purple": "textures/entity/jellyfish/jellyfish2",
				"blue": "textures/entity/jellyfish/jellyfish3",
				"green": "textures/entity/jellyfish/jellyfish4",
				"box": "textures/entity/jellyfish/box_jellyfish"
			},
			"geometry": {
				"default": "geometry.jellyfish",
				"box": "geometry.box_jellyfish"
			},
			"animations": {
				"swim": "animation.jellyfish.swim",
				"box_swim": "animation.box_jellyfish.swim",
				"point_target": "animation.jellyfish.point_towards_target"
			},
			"scripts": {
				"pre_animation": [
					"variable.default_swim = query.mark_variant == 0 || query.mark_variant == 1 || query.mark_variant == 2 || query.mark_variant == 3;"
				],
				"animate": [
					{
						"swim": "variable.default_swim"
					},
					{
						"box_swim": "query.mark_variant==4"
					}
				]
			},
			"render_controllers": [
				"controller.render.jellyfish"
			],
			"spawn_egg": {
				"base_color": "#cf731d",
				"overlay_color": "#c921b2"
			}
		}
	}
}