{
	"format_version": "1.10.0",
	"minecraft:client_entity": {
		"description": {
			"identifier": "rab:wizard",
			"materials": {
				"default": "entity_emissive_alpha"
			},
			"textures": {
				"default": "textures/entity/wizard"
			},
			"geometry": {
				"default": "geometry.wizard"
			},
			"animations": {
				"idle": "animation.wizard.idle",
				"walk": "animation.wizard.walk",
				"blink": "animation.wizard.blink",
				"cast_spell": "animation.wizard.cast_spell",
				"orb": "animation.wizard.orb",
				"admiring": "animation.wizard.admiring",
				"look_at_target": "animation.common.look_at_target",
				"general": "controller.animation.wizard.general"
			},
			"particle_effects": {
				"spell": "rab:wizard_spell"
			},
			"scripts": {
				"animate": [
					"blink",
					"orb",
					"look_at_target",
					"general"
				]
			},
			"render_controllers": [
				"controller.render.wizard"
			],
			"enable_attachables": true,
			"spawn_egg": {
				"base_color": "#288483",
				"overlay_color": "#cc4444"
			}
		}
	}
}