{
	"format_version": "1.10.0",
	"particle_effect": {
		"description": {
			"identifier": "rab:jade_dragon_charge",
			"basic_render_parameters": {
				"material": "particles_blend",
				"texture": "textures/particle/particles"
			}
		},
		"components": {
			"minecraft:emitter_rate_steady": {
				"spawn_rate": 32,
				"max_particles": 100
			},
			"minecraft:emitter_lifetime_looping": {
				"active_time": 1
			},
			"minecraft:emitter_shape_sphere": {
				"radius": 1.7,
				"surface_only": true,
				"direction": "inwards"
			},
			"minecraft:particle_lifetime_expression": {
				"max_lifetime": "math.random(1,2)"
			},
			"minecraft:particle_initial_speed": "math.random(1,2.5)",
			"minecraft:particle_motion_dynamic": {},
			"minecraft:particle_appearance_billboard": {
				"size": [
					0.1,
					0.1
				],
				"facing_camera_mode": "rotate_xyz",
				"uv": {
					"texture_width": 128,
					"texture_height": 128,
					"uv": [
						"math.round(variable.particle_random_1*8)*8",
						0
					],
					"uv_size": [
						8,
						8
					]
				}
			},
			"minecraft:particle_motion_collision": {
				"collision_radius": 0.15,
				"expire_on_contact": true
			},
			"minecraft:particle_appearance_tinting": {
				"color": [
					1,
					0.85098,
					0.3098,
					1
				]
			}
		}
	}
}