{
	"format_version": "1.10.0",
	"particle_effect": {
		"description": {
			"identifier": "rab:lightning_arrow_trail",
			"basic_render_parameters": {
				"material": "particles_alpha",
				"texture": "textures/particle/particles"
			}
		},
		"components": {
			"minecraft:emitter_rate_steady": {
				"spawn_rate": 20,
				"max_particles": 1000
			},
			"minecraft:emitter_lifetime_expression": {
				"activation_expression": 1
			},
			"minecraft:emitter_shape_point": {
				"direction": [
					"math.random(-0.008,0.008)",
					"math.random(-0.008,0.008)",
					"math.random(-0.008,0.008)"
				]
			},
			"minecraft:particle_lifetime_expression": {
				"max_lifetime": "math.random(16,3)"
			},
			"minecraft:particle_initial_speed": 1,
			"minecraft:particle_motion_dynamic": {
				"linear_drag_coefficient": 0.5
			},
			"minecraft:particle_appearance_billboard": {
				"size": [
					"(0.05*variable.particle_random_1+0.1)*(variable.particle_random_2*0.6+0.5)",
					"(0.05*variable.particle_random_1+0.1)*(variable.particle_random_2*0.6+0.5)"
				],
				"facing_camera_mode": "lookat_xyz",
				"uv": {
					"texture_width": 128,
					"texture_height": 128,
					"uv": [
						0,
						0
					],
					"uv_size": [
						8,
						8
					]
				}
			},
			"minecraft:particle_motion_collision": {
				"collision_radius": 0.2
			},
			"minecraft:particle_appearance_lighting": {},
			"minecraft:particle_appearance_tinting": {
				"color": [
					0.49412,
					0.49412,
					0.49412,
					1
				]
			}
		}
	}
}