{
	"format_version": "1.10.0",
	"particle_effect": {
		"description": {
			"identifier": "rab:phoenix_smoke_trail",
			"basic_render_parameters": {
				"material": "particles_alpha",
				"texture": "textures/particle/particles"
			}
		},
		"components": {
			"minecraft:emitter_rate_steady": {
				"spawn_rate": "math.random(10,60)",
				"max_particles": 250
			},
			"minecraft:emitter_lifetime_expression": {
				"activation_expression": 15
			},
			"minecraft:emitter_shape_entity_aabb": {
				"surface_only": true,
				"direction": [
					"math.random(-0.1,0.1)",
					1,
					"math.random(-0.1,0.1)"
				]
			},
			"minecraft:particle_lifetime_expression": {
				"max_lifetime": "math.random(1,20)"
			},
			"minecraft:particle_initial_speed": "math.random(1,3)",
			"minecraft:particle_motion_dynamic": {
				"linear_acceleration": [
					0,
					0.4,
					0
				]
			},
			"minecraft:particle_appearance_billboard": {
				"size": [
					0.1,
					0.1
				],
				"facing_camera_mode": "lookat_xyz",
				"uv": {
					"texture_width": 128,
					"texture_height": 128,
					"flipbook": {
						"base_UV": [
							56,
							0
						],
						"size_UV": [
							8,
							8
						],
						"step_UV": [
							-8,
							0
						],
						"frames_per_second": 8,
						"max_frame": 8,
						"stretch_to_lifetime": true
					}
				}
			},
			"minecraft:particle_appearance_lighting": {},
			"minecraft:particle_appearance_tinting": {
				"color": [
					"Math.clamp(variable.particle_random_1*0.5, 0, 1)",
					"Math.clamp(variable.particle_random_1*0.5, 0, 1)",
					"Math.clamp(variable.particle_random_1*0.5, 0, 1)",
					1
				]
			}
		}
	}
}