{
	"format_version": "1.16.0",
	"render_controllers": {
		"controller.render.jellyfish": {
			"arrays": {
				"geometries": {
					"Array.geos": [
						"Geometry.default",
						"Geometry.box"
					]
				},
				"textures": {
					"Array.skins": [
						"Texture.orange",
						"Texture.purple",
						"Texture.blue",
						"Texture.green",
						"Texture.box"
					]
				}
			},
			"geometry": "query.mark_variant==4?geometry.box:geometry.default",
			"materials": [
				{
					"*": "material.default"
				}
			],
			"textures": [
				"array.skins[query.mark_variant]"
			]
		}
	}
}