{
	"format_version": "1.10.0",
	"animation_controllers": {
		"controller.animation.death": {
			"initial_state": "default",
			"states": {
				"default": {
					"transitions": [
						{
							"death": "!query.is_alive"
						}
					]
				},
				"death": {
					"on_entry": [
						"/summon rab:jade_dragon_death ~ ~ ~"
					]
				}
			}
		},
		"controller.animation.firing": {
			"initial_state": "default",
			"states": {
				"default": {
					"transitions": [
						{
							"firing": "query.is_charged||query.is_charging"
						}
					]
				},
				"firing": {
					"on_entry": [
						"/tp @s ~ ~1 ~",
						"/tp @s ~ ~1 ~"
					],
					"transitions": [
						{
							"default": "!query.is_charged&&!query.is_charging"
						}
					]
				}
			}
		}
	}
}