{
	"format_version": "1.10.0",
	"animation_controllers": {
		"controller.animation.phoenix_flying": {
			"initial_state": "default",
			"states": {
				"default": {
					"transitions": [
						{
							"flying": "!query.is_on_ground&&!query.is_angry"
						}
					]
				},
				"flying": {
					"on_entry": [
						"@s switch_to_flying",
						"@s random_flight_time",
						"/effect @s slow_falling 300 2 true",
						"/effect @s speed 20000 1 true"
					],
					"on_exit": [
						"/effect @s clear",
						"@s switch_to_walking"
					],
					"transitions": [
						{
							"default": "query.is_on_ground"
						}
					]
				}
			}
		},
		"controller.animation.phoenix_firing": {
			"initial_state": "default",
			"states": {
				"default": {
					"transitions": [
						{
							"charging": "query.is_charged"
						}
					]
				},
				"charging": {
					"on_entry": [
						"/effect @s levitation 9 0 true"
					],
					"on_exit": [
						"/effect @s levitation 3 0 true",
						"/effect @s slow_falling 300 2 true"
					],
					"transitions": [
						{
							"default": "!query.is_charged"
						}
					]
				}
			}
		}
	}
}