{
    "format_version": "1.8.0",
    "minecraft:spawn_rules": {
        "description": {
            "identifier": "rab:colossal_squid",
            "population_control": "water_animal"
        },
        "conditions": [
            {
                "minecraft:spawns_on_surface": {},
                "minecraft:spawns_underwater": {},
                "minecraft:weight": {
                    "default": 30
                },
                "minecraft:herd": {
                    "min_size": 1,
                    "max_size": 2
                },
                "minecraft:density_limit": {
                    "surface": 4,
                    "underground": 0
                },
                "minecraft:biome_filter": {
                    "all_of": [
                        {
                            "test": "has_biome_tag",
                            "operator": "==",
                            "value": "ocean"
                        },
                        {
                            "any_of": [
                                {
                                    "test": "has_biome_tag",
                                    "operator": "==",
                                    "value": "cold"
                                }
                            ]
                        }
                    ]
                }
            }
        ]
    }
}