{
    "\u0066\u006f\u0072\u006d\u0061\u0074\u005f\u0076\u0065\u0072\u0073\u0069\u006f\u006e": "\u0031\u002e\u0031\u0032\u002e\u0030",
    "\u006d\u0069\u006e\u0065\u0063\u0072\u0061\u0066\u0074\u003a\u0067\u0065\u006f\u006d\u0065\u0074\u0072\u0079": [
        {
            "\u0064\u0065\u0073\u0063\u0072\u0069\u0070\u0074\u0069\u006f\u006e": {
                "\u0069\u0064\u0065\u006e\u0074\u0069\u0066\u0069\u0065\u0072": "\u0067\u0065\u006f\u006d\u0065\u0074\u0072\u0079\u002e\u0062\u006f\u006f\u006d\u0065\u0072\u0061\u006e\u0067",
                "\u0074\u0065\u0078\u0074\u0075\u0072\u0065\u005f\u0077\u0069\u0064\u0074\u0068": 64,
                "\u0074\u0065\u0078\u0074\u0075\u0072\u0065\u005f\u0068\u0065\u0069\u0067\u0068\u0074": 64,
                "\u0076\u0069\u0073\u0069\u0062\u006c\u0065\u005f\u0062\u006f\u0075\u006e\u0064\u0073\u005f\u0077\u0069\u0064\u0074\u0068": 3,
                "\u0076\u0069\u0073\u0069\u0062\u006c\u0065\u005f\u0062\u006f\u0075\u006e\u0064\u0073\u005f\u0068\u0065\u0069\u0067\u0068\u0074": 2,
                "\u0076\u0069\u0073\u0069\u0062\u006c\u0065\u005f\u0062\u006f\u0075\u006e\u0064\u0073\u005f\u006f\u0066\u0066\u0073\u0065\u0074": [
                    0,
                    1,
                    0
                ]
            },
            "\u0062\u006f\u006e\u0065\u0073": [
                {
                    "\u006e\u0061\u006d\u0065": "\u0066\u0075\u006c\u006c\u0066\u0069\u0073\u0068\u0032",
                    "\u0070\u0069\u0076\u006f\u0074": [
                        0,
                        10,
                        0
                    ]
                },
                {
                    "\u006e\u0061\u006d\u0065": "\u0062\u006f\u0064\u0079\u0032",
                    "\u0070\u0061\u0072\u0065\u006e\u0074": "\u0066\u0075\u006c\u006c\u0066\u0069\u0073\u0068\u0032",
                    "\u0070\u0069\u0076\u006f\u0074": [
                        0,
                        10,
                        0
                    ],
                    "\u0063\u0075\u0062\u0065\u0073": [
                        {
                            "\u006f\u0072\u0069\u0067\u0069\u006e": [
                                -2.125,
                                14.58861,
                                -6.55322
                            ],
                            "\u0073\u0069\u007a\u0065": [
                                4.25,
                                4,
                                8
                            ],
                            "\u0070\u0069\u0076\u006f\u0074": [
                                0,
                                10,
                                0
                            ],
                            "\u0072\u006f\u0074\u0061\u0074\u0069\u006f\u006e": [
                                35,
                                0,
                                0
                            ],
                            "\u0075\u0076": [
                                0,
                                12
                            ]
                        },
                        {
                            "\u006f\u0072\u0069\u0067\u0069\u006e": [
                                -1,
                                16.10431,
                                1.97431
                            ],
                            "\u0073\u0069\u007a\u0065": [
                                2,
                                3,
                                8
                            ],
                            "\u0070\u0069\u0076\u006f\u0074": [
                                0,
                                10,
                                0
                            ],
                            "\u0072\u006f\u0074\u0061\u0074\u0069\u006f\u006e": [
                                5,
                                0,
                                0
                            ],
                            "\u0075\u0076": [
                                16,
                                4
                            ]
                        },
                        {
                            "\u006f\u0072\u0069\u0067\u0069\u006e": [
                                -1.8,
                                16.72741,
                                -3.07055
                            ],
                            "\u0073\u0069\u007a\u0065": [
                                3.6,
                                4,
                                4
                            ],
                            "\u0070\u0069\u0076\u006f\u0074": [
                                0,
                                10,
                                0
                            ],
                            "\u0072\u006f\u0074\u0061\u0074\u0069\u006f\u006e": [
                                75,
                                0,
                                0
                            ],
                            "\u0075\u0076": [
                                14,
                                30
                            ]
                        },
                        {
                            "\u006f\u0072\u0069\u0067\u0069\u006e": [
                                -1,
                                9.82635,
                                -0.98481
                            ],
                            "\u0073\u0069\u007a\u0065": [
                                2,
                                3,
                                4
                            ],
                            "\u0070\u0069\u0076\u006f\u0074": [
                                0,
                                10,
                                0
                            ],
                            "\u0072\u006f\u0074\u0061\u0074\u0069\u006f\u006e": [
                                -10,
                                0,
                                0
                            ],
                            "\u0075\u0076": [
                                28,
                                30
                            ]
                        },
                        {
                            "\u006f\u0072\u0069\u0067\u0069\u006e": [
                                -2.1,
                                10,
                                -7
                            ],
                            "\u0073\u0069\u007a\u0065": [
                                4.2,
                                5,
                                7
                            ],
                            "\u0075\u0076": [
                                17,
                                17
                            ]
                        },
                        {
                            "\u006f\u0072\u0069\u0067\u0069\u006e": [
                                -1.9,
                                14.25557,
                                -1.60951
                            ],
                            "\u0073\u0069\u007a\u0065": [
                                3.8,
                                4,
                                6
                            ],
                            "\u0070\u0069\u0076\u006f\u0074": [
                                0,
                                10,
                                0
                            ],
                            "\u0072\u006f\u0074\u0061\u0074\u0069\u006f\u006e": [
                                20,
                                0,
                                0
                            ],
                            "\u0075\u0076": [
                                0,
                                24
                            ]
                        }
                    ]
                },
                {
                    "\u006e\u0061\u006d\u0065": "\u0062\u006f\u0064\u0079\u0033",
                    "\u0070\u0061\u0072\u0065\u006e\u0074": "\u0066\u0075\u006c\u006c\u0066\u0069\u0073\u0068\u0032",
                    "\u0070\u0069\u0076\u006f\u0074": [
                        0,
                        10,
                        0
                    ],
                    "\u0063\u0075\u0062\u0065\u0073": [
                        {
                            "\u006f\u0072\u0069\u0067\u0069\u006e": [
                                -2.125,
                                1.41139,
                                -6.55322
                            ],
                            "\u0073\u0069\u007a\u0065": [
                                4.25,
                                4,
                                8
                            ],
                            "\u0070\u0069\u0076\u006f\u0074": [
                                0,
                                10,
                                0
                            ],
                            "\u0072\u006f\u0074\u0061\u0074\u0069\u006f\u006e": [
                                -35,
                                0,
                                0
                            ],
                            "\u0075\u0076": [
                                0,
                                12
                            ]
                        },
                        {
                            "\u006f\u0072\u0069\u0067\u0069\u006e": [
                                -1.85,
                                -0.72741,
                                -3.07055
                            ],
                            "\u0073\u0069\u007a\u0065": [
                                3.7,
                                4,
                                4
                            ],
                            "\u0070\u0069\u0076\u006f\u0074": [
                                0,
                                10,
                                0
                            ],
                            "\u0072\u006f\u0074\u0061\u0074\u0069\u006f\u006e": [
                                -75,
                                0,
                                0
                            ],
                            "\u0075\u0076": [
                                14,
                                30
                            ]
                        },
                        {
                            "\u006f\u0072\u0069\u0067\u0069\u006e": [
                                -0.9,
                                7.17365,
                                -0.98481
                            ],
                            "\u0073\u0069\u007a\u0065": [
                                1.8,
                                4,
                                4
                            ],
                            "\u0070\u0069\u0076\u006f\u0074": [
                                0,
                                10,
                                0
                            ],
                            "\u0072\u006f\u0074\u0061\u0074\u0069\u006f\u006e": [
                                10,
                                0,
                                0
                            ],
                            "\u0075\u0076": [
                                28,
                                30
                            ]
                        },
                        {
                            "\u006f\u0072\u0069\u0067\u0069\u006e": [
                                -2.1,
                                5,
                                -7
                            ],
                            "\u0073\u0069\u007a\u0065": [
                                4.2,
                                5,
                                7
                            ],
                            "\u0075\u0076": [
                                17,
                                17
                            ]
                        },
                        {
                            "\u006f\u0072\u0069\u0067\u0069\u006e": [
                                -1,
                                0.89569,
                                1.97431
                            ],
                            "\u0073\u0069\u007a\u0065": [
                                2,
                                3,
                                8
                            ],
                            "\u0070\u0069\u0076\u006f\u0074": [
                                0,
                                10,
                                0
                            ],
                            "\u0072\u006f\u0074\u0061\u0074\u0069\u006f\u006e": [
                                -5,
                                0,
                                0
                            ],
                            "\u0075\u0076": [
                                16,
                                4
                            ]
                        },
                        {
                            "\u006f\u0072\u0069\u0067\u0069\u006e": [
                                -1.9,
                                1.74443,
                                -1.60951
                            ],
                            "\u0073\u0069\u007a\u0065": [
                                3.8,
                                4,
                                6
                            ],
                            "\u0070\u0069\u0076\u006f\u0074": [
                                0,
                                10,
                                0
                            ],
                            "\u0072\u006f\u0074\u0061\u0074\u0069\u006f\u006e": [
                                -20,
                                0,
                                0
                            ],
                            "\u0075\u0076": [
                                0,
                                24
                            ]
                        }
                    ]
                },
                {
                    "\u006e\u0061\u006d\u0065": "\u0074\u0061\u0069\u006c",
                    "\u0070\u0061\u0072\u0065\u006e\u0074": "\u0066\u0075\u006c\u006c\u0066\u0069\u0073\u0068\u0032",
                    "\u0070\u0069\u0076\u006f\u0074": [
                        0,
                        10,
                        0
                    ]
                },
                {
                    "\u006e\u0061\u006d\u0065": "\u0062\u006f\u0074\u0074\u006f\u006d",
                    "\u0070\u0061\u0072\u0065\u006e\u0074": "\u0074\u0061\u0069\u006c",
                    "\u0070\u0069\u0076\u006f\u0074": [
                        0,
                        2,
                        6.2
                    ],
                    "\u0063\u0075\u0062\u0065\u0073": [
                        {
                            "\u006f\u0072\u0069\u0067\u0069\u006e": [
                                -0.9,
                                0.12488,
                                6.30066
                            ],
                            "\u0073\u0069\u007a\u0065": [
                                1.8,
                                4.2,
                                7
                            ],
                            "\u0070\u0069\u0076\u006f\u0074": [
                                0,
                                2,
                                6.2
                            ],
                            "\u0072\u006f\u0074\u0061\u0074\u0069\u006f\u006e": [
                                -5,
                                0,
                                0
                            ],
                            "\u0075\u0076": [
                                28,
                                0
                            ]
                        }
                    ]
                },
                {
                    "\u006e\u0061\u006d\u0065": "\u0074\u006f\u0070",
                    "\u0070\u0061\u0072\u0065\u006e\u0074": "\u0074\u0061\u0069\u006c",
                    "\u0070\u0069\u0076\u006f\u0074": [
                        0,
                        18,
                        6.2
                    ],
                    "\u0063\u0075\u0062\u0065\u0073": [
                        {
                            "\u006f\u0072\u0069\u0067\u0069\u006e": [
                                -0.9,
                                15.67512,
                                6.30066
                            ],
                            "\u0073\u0069\u007a\u0065": [
                                1.8,
                                4.2,
                                7
                            ],
                            "\u0070\u0069\u0076\u006f\u0074": [
                                0,
                                18,
                                6.2
                            ],
                            "\u0072\u006f\u0074\u0061\u0074\u0069\u006f\u006e": [
                                5,
                                0,
                                0
                            ],
                            "\u0075\u0076": [
                                28,
                                0
                            ]
                        }
                    ]
                }
            ]
        }
    ]
}