{
    "\u0066\u006f\u0072\u006d\u0061\u0074\u005f\u0076\u0065\u0072\u0073\u0069\u006f\u006e": "\u0031\u002e\u0031\u0032\u002e\u0030",
    "\u006d\u0069\u006e\u0065\u0063\u0072\u0061\u0066\u0074\u003a\u0067\u0065\u006f\u006d\u0065\u0074\u0072\u0079": [
        {
            "\u0064\u0065\u0073\u0063\u0072\u0069\u0070\u0074\u0069\u006f\u006e": {
                "\u0069\u0064\u0065\u006e\u0074\u0069\u0066\u0069\u0065\u0072": "\u0067\u0065\u006f\u006d\u0065\u0074\u0072\u0079\u002e\u0068\u006f\u006c\u0065\u0066\u0069\u0073\u0068",
                "\u0074\u0065\u0078\u0074\u0075\u0072\u0065\u005f\u0077\u0069\u0064\u0074\u0068": 64,
                "\u0074\u0065\u0078\u0074\u0075\u0072\u0065\u005f\u0068\u0065\u0069\u0067\u0068\u0074": 64,
                "\u0076\u0069\u0073\u0069\u0062\u006c\u0065\u005f\u0062\u006f\u0075\u006e\u0064\u0073\u005f\u0077\u0069\u0064\u0074\u0068": 3,
                "\u0076\u0069\u0073\u0069\u0062\u006c\u0065\u005f\u0062\u006f\u0075\u006e\u0064\u0073\u005f\u0068\u0065\u0069\u0067\u0068\u0074": 1,
                "\u0076\u0069\u0073\u0069\u0062\u006c\u0065\u005f\u0062\u006f\u0075\u006e\u0064\u0073\u005f\u006f\u0066\u0066\u0073\u0065\u0074": [
                    0,
                    0.5,
                    0
                ]
            },
            "\u0062\u006f\u006e\u0065\u0073": [
                {
                    "\u006e\u0061\u006d\u0065": "\u0062\u006f\u0064\u0079",
                    "\u0070\u0069\u0076\u006f\u0074": [
                        0,
                        8,
                        0
                    ],
                    "\u0063\u0075\u0062\u0065\u0073": [
                        {
                            "\u006f\u0072\u0069\u0067\u0069\u006e": [
                                -1.3,
                                6,
                                -3
                            ],
                            "\u0073\u0069\u007a\u0065": [
                                2.6,
                                5,
                                5
                            ],
                            "\u0075\u0076": [
                                11,
                                5
                            ]
                        },
                        {
                            "\u006f\u0072\u0069\u0067\u0069\u006e": [
                                -2.1,
                                7,
                                -7
                            ],
                            "\u0073\u0069\u007a\u0065": [
                                4.2,
                                2,
                                2
                            ],
                            "\u0075\u0076": [
                                9,
                                0
                            ]
                        },
                        {
                            "\u006f\u0072\u0069\u0067\u0069\u006e": [
                                -1.4,
                                -0.49987,
                                -0.01739
                            ],
                            "\u0073\u0069\u007a\u0065": [
                                2.8,
                                6,
                                2
                            ],
                            "\u0070\u0069\u0076\u006f\u0074": [
                                0,
                                8,
                                0
                            ],
                            "\u0072\u006f\u0074\u0061\u0074\u0069\u006f\u006e": [
                                -65,
                                0,
                                0
                            ],
                            "\u0075\u0076": [
                                14,
                                25
                            ]
                        },
                        {
                            "\u006f\u0072\u0069\u0067\u0069\u006e": [
                                -1.5,
                                13.4094,
                                2.35738
                            ],
                            "\u0073\u0069\u007a\u0065": [
                                3,
                                2,
                                2
                            ],
                            "\u0070\u0069\u0076\u006f\u0074": [
                                0,
                                8,
                                0
                            ],
                            "\u0072\u006f\u0074\u0061\u0074\u0069\u006f\u006e": [
                                65,
                                0,
                                0
                            ],
                            "\u0075\u0076": [
                                30,
                                0
                            ]
                        },
                        {
                            "\u006f\u0072\u0069\u0067\u0069\u006e": [
                                -1.6,
                                10.4094,
                                -1.64262
                            ],
                            "\u0073\u0069\u007a\u0065": [
                                3.2,
                                5,
                                4
                            ],
                            "\u0070\u0069\u0076\u006f\u0074": [
                                0,
                                8,
                                0
                            ],
                            "\u0072\u006f\u0074\u0061\u0074\u0069\u006f\u006e": [
                                65,
                                0,
                                0
                            ],
                            "\u0075\u0076": [
                                20,
                                0
                            ]
                        },
                        {
                            "\u006f\u0072\u0069\u0067\u0069\u006e": [
                                -1.5,
                                -0.35913,
                                -0.03972
                            ],
                            "\u0073\u0069\u007a\u0065": [
                                3,
                                2,
                                2
                            ],
                            "\u0070\u0069\u0076\u006f\u0074": [
                                0,
                                8,
                                0
                            ],
                            "\u0072\u006f\u0074\u0061\u0074\u0069\u006f\u006e": [
                                -50,
                                0,
                                0
                            ],
                            "\u0075\u0076": [
                                29,
                                9
                            ]
                        },
                        {
                            "\u006f\u0072\u0069\u0067\u0069\u006e": [
                                -1.5,
                                10.67905,
                                -2.63624
                            ],
                            "\u0073\u0069\u007a\u0065": [
                                3,
                                5,
                                4
                            ],
                            "\u0070\u0069\u0076\u006f\u0074": [
                                0,
                                8,
                                0
                            ],
                            "\u0072\u006f\u0074\u0061\u0074\u0069\u006f\u006e": [
                                85,
                                0,
                                0
                            ],
                            "\u0075\u0076": [
                                0,
                                24
                            ]
                        },
                        {
                            "\u006f\u0072\u0069\u0067\u0069\u006e": [
                                -1.45,
                                -0.02768,
                                1.34854
                            ],
                            "\u0073\u0069\u007a\u0065": [
                                2.9,
                                5,
                                2
                            ],
                            "\u0070\u0069\u0076\u006f\u0074": [
                                0,
                                8,
                                0
                            ],
                            "\u0072\u006f\u0074\u0061\u0074\u0069\u006f\u006e": [
                                -85,
                                0,
                                0
                            ],
                            "\u0075\u0076": [
                                22,
                                25
                            ]
                        }
                    ]
                },
                {
                    "\u006e\u0061\u006d\u0065": "\u0074\u0061\u0069\u006c",
                    "\u0070\u0061\u0072\u0065\u006e\u0074": "\u0062\u006f\u0064\u0079",
                    "\u0070\u0069\u0076\u006f\u0074": [
                        -1,
                        7,
                        1
                    ],
                    "\u0063\u0075\u0062\u0065\u0073": [
                        {
                            "\u006f\u0072\u0069\u0067\u0069\u006e": [
                                -1.35,
                                9.53737,
                                2.62373
                            ],
                            "\u0073\u0069\u007a\u0065": [
                                2.7,
                                1,
                                5
                            ],
                            "\u0070\u0069\u0076\u006f\u0074": [
                                -1,
                                7,
                                1
                            ],
                            "\u0072\u006f\u0074\u0061\u0074\u0069\u006f\u006e": [
                                20,
                                0,
                                0
                            ],
                            "\u0075\u0076": [
                                20,
                                10
                            ]
                        },
                        {
                            "\u006f\u0072\u0069\u0067\u0069\u006e": [
                                -1.31,
                                7.53737,
                                6.62373
                            ],
                            "\u0073\u0069\u007a\u0065": [
                                2.62,
                                3,
                                2
                            ],
                            "\u0070\u0069\u0076\u006f\u0074": [
                                -1,
                                7,
                                1
                            ],
                            "\u0072\u006f\u0074\u0061\u0074\u0069\u006f\u006e": [
                                20,
                                0,
                                0
                            ],
                            "\u0075\u0076": [
                                0,
                                33
                            ]
                        },
                        {
                            "\u006f\u0072\u0069\u0067\u0069\u006e": [
                                -1.35,
                                6.22141,
                                1.30777
                            ],
                            "\u0073\u0069\u007a\u0065": [
                                2.7,
                                1,
                                6
                            ],
                            "\u0070\u0069\u0076\u006f\u0074": [
                                -1,
                                7,
                                1
                            ],
                            "\u0072\u006f\u0074\u0061\u0074\u0069\u006f\u006e": [
                                -20,
                                0,
                                0
                            ],
                            "\u0075\u0076": [
                                16,
                                18
                            ]
                        },
                        {
                            "\u006f\u0072\u0069\u0067\u0069\u006e": [
                                -1.3,
                                6.22141,
                                5.30777
                            ],
                            "\u0073\u0069\u007a\u0065": [
                                2.6,
                                3,
                                2
                            ],
                            "\u0070\u0069\u0076\u006f\u0074": [
                                -1,
                                7,
                                1
                            ],
                            "\u0072\u006f\u0074\u0061\u0074\u0069\u006f\u006e": [
                                -20,
                                0,
                                0
                            ],
                            "\u0075\u0076": [
                                20,
                                32
                            ]
                        },
                        {
                            "\u006f\u0072\u0069\u0067\u0069\u006e": [
                                -1.24,
                                6.69582,
                                0.43489
                            ],
                            "\u0073\u0069\u007a\u0065": [
                                2.48,
                                1,
                                3
                            ],
                            "\u0070\u0069\u0076\u006f\u0074": [
                                -1,
                                7,
                                1
                            ],
                            "\u0072\u006f\u0074\u0061\u0074\u0069\u006f\u006e": [
                                -40,
                                0,
                                0
                            ],
                            "\u0075\u0076": [
                                27,
                                29
                            ]
                        },
                        {
                            "\u006f\u0072\u0069\u0067\u0069\u006e": [
                                -1.24,
                                8.25092,
                                1.79841
                            ],
                            "\u0073\u0069\u007a\u0065": [
                                2.48,
                                1,
                                3
                            ],
                            "\u0070\u0069\u0076\u006f\u0074": [
                                -1,
                                7,
                                1
                            ],
                            "\u0072\u006f\u0074\u0061\u0074\u0069\u006f\u006e": [
                                40,
                                0,
                                0
                            ],
                            "\u0075\u0076": [
                                26,
                                20
                            ]
                        },
                        {
                            "\u006f\u0072\u0069\u0067\u0069\u006e": [
                                -1.3,
                                1.15101,
                                -2.66895
                            ],
                            "\u0073\u0069\u007a\u0065": [
                                2.6,
                                1,
                                2.8
                            ],
                            "\u0070\u0069\u0076\u006f\u0074": [
                                -1,
                                7,
                                1
                            ],
                            "\u0072\u006f\u0074\u0061\u0074\u0069\u006f\u006e": [
                                150,
                                0,
                                0
                            ],
                            "\u0075\u0076": [
                                0,
                                21
                            ]
                        },
                        {
                            "\u006f\u0072\u0069\u0067\u0069\u006e": [
                                -1.25,
                                8.95914,
                                -3.86718
                            ],
                            "\u0073\u0069\u007a\u0065": [
                                2.5,
                                1,
                                3
                            ],
                            "\u0070\u0069\u0076\u006f\u0074": [
                                -1,
                                7,
                                1
                            ],
                            "\u0072\u006f\u0074\u0061\u0074\u0069\u006f\u006e": [
                                -155,
                                0,
                                0
                            ],
                            "\u0075\u0076": [
                                26,
                                16
                            ]
                        },
                        {
                            "\u006f\u0072\u0069\u0067\u0069\u006e": [
                                -1.25,
                                7,
                                0
                            ],
                            "\u0073\u0069\u007a\u0065": [
                                2.5,
                                3,
                                1.8
                            ],
                            "\u0075\u0076": [
                                0,
                                0
                            ]
                        },
                        {
                            "\u006f\u0072\u0069\u0067\u0069\u006e": [
                                -1.4,
                                7,
                                6
                            ],
                            "\u0073\u0069\u007a\u0065": [
                                2.8,
                                3,
                                2
                            ],
                            "\u0075\u0076": [
                                30,
                                24
                            ]
                        },
                        {
                            "\u006f\u0072\u0069\u0067\u0069\u006e": [
                                -0.5,
                                2.1288,
                                4.6121
                            ],
                            "\u0073\u0069\u007a\u0065": [
                                1,
                                3,
                                7
                            ],
                            "\u0070\u0069\u0076\u006f\u0074": [
                                -1,
                                7,
                                1
                            ],
                            "\u0072\u006f\u0074\u0061\u0074\u0069\u006f\u006e": [
                                20,
                                0,
                                0
                            ],
                            "\u0075\u0076": [
                                0,
                                0
                            ]
                        },
                        {
                            "\u006f\u0072\u0069\u0067\u0069\u006e": [
                                -0.55,
                                6.01903,
                                6.43578
                            ],
                            "\u0073\u0069\u007a\u0065": [
                                1.1,
                                5,
                                6
                            ],
                            "\u0075\u0076": [
                                0,
                                10
                            ]
                        },
                        {
                            "\u006f\u0072\u0069\u0067\u0069\u006e": [
                                -0.5,
                                11.87881,
                                4.43779
                            ],
                            "\u0073\u0069\u007a\u0065": [
                                1,
                                3,
                                6
                            ],
                            "\u0070\u0069\u0076\u006f\u0074": [
                                -1,
                                7,
                                1
                            ],
                            "\u0072\u006f\u0074\u0061\u0074\u0069\u006f\u006e": [
                                -20,
                                0,
                                0
                            ],
                            "\u0075\u0076": [
                                8,
                                15
                            ]
                        }
                    ]
                }
            ]
        }
    ]
}