{
    "\u0066\u006f\u0072\u006d\u0061\u0074\u005f\u0076\u0065\u0072\u0073\u0069\u006f\u006e": "\u0031\u002e\u0031\u0032\u002e\u0030",
    "\u006d\u0069\u006e\u0065\u0063\u0072\u0061\u0066\u0074\u003a\u0067\u0065\u006f\u006d\u0065\u0074\u0072\u0079": [
        {
            "\u0064\u0065\u0073\u0063\u0072\u0069\u0070\u0074\u0069\u006f\u006e": {
                "\u0069\u0064\u0065\u006e\u0074\u0069\u0066\u0069\u0065\u0072": "\u0067\u0065\u006f\u006d\u0065\u0074\u0072\u0079\u002e\u0070\u0065\u0065\u0070\u0065\u0072",
                "\u0074\u0065\u0078\u0074\u0075\u0072\u0065\u005f\u0077\u0069\u0064\u0074\u0068": 128,
                "\u0074\u0065\u0078\u0074\u0075\u0072\u0065\u005f\u0068\u0065\u0069\u0067\u0068\u0074": 128,
                "\u0076\u0069\u0073\u0069\u0062\u006c\u0065\u005f\u0062\u006f\u0075\u006e\u0064\u0073\u005f\u0077\u0069\u0064\u0074\u0068": 4,
                "\u0076\u0069\u0073\u0069\u0062\u006c\u0065\u005f\u0062\u006f\u0075\u006e\u0064\u0073\u005f\u0068\u0065\u0069\u0067\u0068\u0074": 3,
                "\u0076\u0069\u0073\u0069\u0062\u006c\u0065\u005f\u0062\u006f\u0075\u006e\u0064\u0073\u005f\u006f\u0066\u0066\u0073\u0065\u0074": [
                    0,
                    1.5,
                    0
                ]
            },
            "\u0062\u006f\u006e\u0065\u0073": [
                {
                    "\u006e\u0061\u006d\u0065": "\u0070\u0065\u0065\u0070\u0065\u0072",
                    "\u0070\u0069\u0076\u006f\u0074": [
                        0,
                        19,
                        0
                    ]
                },
                {
                    "\u006e\u0061\u006d\u0065": "\u0062\u006f\u0064\u0079\u0032",
                    "\u0070\u0061\u0072\u0065\u006e\u0074": "\u0070\u0065\u0065\u0070\u0065\u0072",
                    "\u0070\u0069\u0076\u006f\u0074": [
                        0,
                        18,
                        0
                    ],
                    "\u0063\u0075\u0062\u0065\u0073": [
                        {
                            "\u006f\u0072\u0069\u0067\u0069\u006e": [
                                -1.5,
                                14.51985,
                                4.03909
                            ],
                            "\u0073\u0069\u007a\u0065": [
                                3,
                                8,
                                4
                            ],
                            "\u0070\u0069\u0076\u006f\u0074": [
                                0,
                                18,
                                0
                            ],
                            "\u0072\u006f\u0074\u0061\u0074\u0069\u006f\u006e": [
                                50,
                                0,
                                0
                            ],
                            "\u0075\u0076": [
                                54,
                                54
                            ]
                        },
                        {
                            "\u006f\u0072\u0069\u0067\u0069\u006e": [
                                -1.5,
                                15.5718,
                                -9.13397
                            ],
                            "\u0073\u0069\u007a\u0065": [
                                3,
                                7,
                                4
                            ],
                            "\u0070\u0069\u0076\u006f\u0074": [
                                0,
                                18,
                                0
                            ],
                            "\u0072\u006f\u0074\u0061\u0074\u0069\u006f\u006e": [
                                -30,
                                0,
                                0
                            ],
                            "\u0075\u0076": [
                                54,
                                36
                            ]
                        },
                        {
                            "\u006f\u0072\u0069\u0067\u0069\u006e": [
                                -1,
                                8.02822,
                                -5.95593
                            ],
                            "\u0073\u0069\u007a\u0065": [
                                2,
                                4,
                                2
                            ],
                            "\u0070\u0069\u0076\u006f\u0074": [
                                0,
                                18,
                                0
                            ],
                            "\u0072\u006f\u0074\u0061\u0074\u0069\u006f\u006e": [
                                -65,
                                0,
                                0
                            ],
                            "\u0075\u0076": [
                                0,
                                32
                            ]
                        },
                        {
                            "\u006f\u0072\u0069\u0067\u0069\u006e": [
                                -0.75,
                                7.57104,
                                0.81625
                            ],
                            "\u0073\u0069\u007a\u0065": [
                                1.5,
                                4,
                                2
                            ],
                            "\u0070\u0069\u0076\u006f\u0074": [
                                0,
                                18,
                                0
                            ],
                            "\u0072\u006f\u0074\u0061\u0074\u0069\u006f\u006e": [
                                -100,
                                0,
                                0
                            ],
                            "\u0075\u0076": [
                                32,
                                0
                            ]
                        },
                        {
                            "\u006f\u0072\u0069\u0067\u0069\u006e": [
                                -1.5,
                                14.62374,
                                3.77114
                            ],
                            "\u0073\u0069\u007a\u0065": [
                                3,
                                7,
                                4
                            ],
                            "\u0070\u0069\u0076\u006f\u0074": [
                                0,
                                18,
                                0
                            ],
                            "\u0072\u006f\u0074\u0061\u0074\u0069\u006f\u006e": [
                                -50,
                                0,
                                0
                            ],
                            "\u0075\u0076": [
                                54,
                                20
                            ]
                        },
                        {
                            "\u006f\u0072\u0069\u0067\u0069\u006e": [
                                -1.5,
                                14.5718,
                                -8.86603
                            ],
                            "\u0073\u0069\u007a\u0065": [
                                3,
                                7,
                                4
                            ],
                            "\u0070\u0069\u0076\u006f\u0074": [
                                0,
                                18,
                                0
                            ],
                            "\u0072\u006f\u0074\u0061\u0074\u0069\u006f\u006e": [
                                30,
                                0,
                                0
                            ],
                            "\u0075\u0076": [
                                54,
                                0
                            ]
                        },
                        {
                            "\u006f\u0072\u0069\u0067\u0069\u006e": [
                                -1.75,
                                12,
                                -6
                            ],
                            "\u0073\u0069\u007a\u0065": [
                                3.5,
                                13,
                                10
                            ],
                            "\u0075\u0076": [
                                0,
                                32
                            ]
                        },
                        {
                            "\u006f\u0072\u0069\u0067\u0069\u006e": [
                                -1.75,
                                14,
                                4
                            ],
                            "\u0073\u0069\u007a\u0065": [
                                3.5,
                                8,
                                4
                            ],
                            "\u0075\u0076": [
                                40,
                                20
                            ]
                        },
                        {
                            "\u006f\u0072\u0069\u0067\u0069\u006e": [
                                -2.5,
                                14,
                                -7
                            ],
                            "\u0073\u0069\u007a\u0065": [
                                5,
                                10,
                                9
                            ],
                            "\u0075\u0076": [
                                26,
                                40
                            ]
                        },
                        {
                            "\u006f\u0072\u0069\u0067\u0069\u006e": [
                                -1.75,
                                16,
                                -9
                            ],
                            "\u0073\u0069\u007a\u0065": [
                                3.5,
                                5,
                                3
                            ],
                            "\u0075\u0076": [
                                0,
                                0
                            ]
                        },
                        {
                            "\u006f\u0072\u0069\u0067\u0069\u006e": [
                                -1.75,
                                10,
                                -6
                            ],
                            "\u0073\u0069\u007a\u0065": [
                                3.5,
                                2,
                                8
                            ],
                            "\u0075\u0076": [
                                40,
                                10
                            ]
                        },
                        {
                            "\u006f\u0072\u0069\u0067\u0069\u006e": [
                                -1.75,
                                25,
                                -6
                            ],
                            "\u0073\u0069\u007a\u0065": [
                                3.5,
                                2,
                                8
                            ],
                            "\u0075\u0076": [
                                32,
                                0
                            ]
                        }
                    ]
                },
                {
                    "\u006e\u0061\u006d\u0065": "\u0074\u006f\u0070\u0066\u0069\u006e",
                    "\u0070\u0061\u0072\u0065\u006e\u0074": "\u0062\u006f\u0064\u0079\u0032",
                    "\u0070\u0069\u0076\u006f\u0074": [
                        -0.5,
                        30,
                        1
                    ],
                    "\u0063\u0075\u0062\u0065\u0073": [
                        {
                            "\u006f\u0072\u0069\u0067\u0069\u006e": [
                                -0.5,
                                29.67949,
                                0
                            ],
                            "\u0073\u0069\u007a\u0065": [
                                1,
                                5,
                                1
                            ],
                            "\u0070\u0069\u0076\u006f\u0074": [
                                -0.5,
                                30,
                                1
                            ],
                            "\u0072\u006f\u0074\u0061\u0074\u0069\u006f\u006e": [
                                -15,
                                0,
                                0
                            ],
                            "\u0075\u0076": [
                                30,
                                40
                            ]
                        },
                        {
                            "\u006f\u0072\u0069\u0067\u0069\u006e": [
                                -0.5,
                                23.67949,
                                -1
                            ],
                            "\u0073\u0069\u007a\u0065": [
                                1,
                                12,
                                1
                            ],
                            "\u0070\u0069\u0076\u006f\u0074": [
                                -0.5,
                                30,
                                1
                            ],
                            "\u0072\u006f\u0074\u0061\u0074\u0069\u006f\u006e": [
                                -30,
                                0,
                                0
                            ],
                            "\u0075\u0076": [
                                4,
                                55
                            ]
                        },
                        {
                            "\u006f\u0072\u0069\u0067\u0069\u006e": [
                                -0.5,
                                23.67949,
                                0
                            ],
                            "\u0073\u0069\u007a\u0065": [
                                1,
                                6,
                                2
                            ],
                            "\u0070\u0069\u0076\u006f\u0074": [
                                -0.5,
                                30,
                                1
                            ],
                            "\u0072\u006f\u0074\u0061\u0074\u0069\u006f\u006e": [
                                -30,
                                0,
                                0
                            ],
                            "\u0075\u0076": [
                                22,
                                0
                            ]
                        },
                        {
                            "\u006f\u0072\u0069\u0067\u0069\u006e": [
                                -0.4,
                                33.31863,
                                -2.51065
                            ],
                            "\u0073\u0069\u007a\u0065": [
                                0.8,
                                3,
                                2
                            ],
                            "\u0070\u0069\u0076\u006f\u0074": [
                                -0.5,
                                30,
                                1
                            ],
                            "\u0072\u006f\u0074\u0061\u0074\u0069\u006f\u006e": [
                                -50,
                                0,
                                0
                            ],
                            "\u0075\u0076": [
                                4,
                                6
                            ]
                        }
                    ]
                },
                {
                    "\u006e\u0061\u006d\u0065": "\u0074\u006f\u0070\u0066\u0069\u006e\u0032",
                    "\u0070\u0061\u0072\u0065\u006e\u0074": "\u0062\u006f\u0064\u0079\u0032",
                    "\u0070\u0069\u0076\u006f\u0074": [
                        -0.5,
                        7,
                        0
                    ],
                    "\u0063\u0075\u0062\u0065\u0073": [
                        {
                            "\u006f\u0072\u0069\u0067\u0069\u006e": [
                                -0.5,
                                2.32051,
                                -1
                            ],
                            "\u0073\u0069\u007a\u0065": [
                                1,
                                5,
                                1
                            ],
                            "\u0070\u0069\u0076\u006f\u0074": [
                                -0.5,
                                7,
                                0
                            ],
                            "\u0072\u006f\u0074\u0061\u0074\u0069\u006f\u006e": [
                                15,
                                0,
                                0
                            ],
                            "\u0075\u0076": [
                                26,
                                40
                            ]
                        },
                        {
                            "\u006f\u0072\u0069\u0067\u0069\u006e": [
                                -0.5,
                                1.32051,
                                -2
                            ],
                            "\u0073\u0069\u007a\u0065": [
                                1,
                                12,
                                1
                            ],
                            "\u0070\u0069\u0076\u006f\u0074": [
                                -0.5,
                                7,
                                0
                            ],
                            "\u0072\u006f\u0074\u0061\u0074\u0069\u006f\u006e": [
                                30,
                                0,
                                0
                            ],
                            "\u0075\u0076": [
                                0,
                                55
                            ]
                        },
                        {
                            "\u006f\u0072\u0069\u0067\u0069\u006e": [
                                -0.5,
                                7.32051,
                                -1
                            ],
                            "\u0073\u0069\u007a\u0065": [
                                1,
                                6,
                                2
                            ],
                            "\u0070\u0069\u0076\u006f\u0074": [
                                -0.5,
                                7,
                                0
                            ],
                            "\u0072\u006f\u0074\u0061\u0074\u0069\u006f\u006e": [
                                30,
                                0,
                                0
                            ],
                            "\u0075\u0076": [
                                16,
                                0
                            ]
                        },
                        {
                            "\u006f\u0072\u0069\u0067\u0069\u006e": [
                                -0.4,
                                0.68137,
                                -3.51065
                            ],
                            "\u0073\u0069\u007a\u0065": [
                                0.8,
                                3,
                                2
                            ],
                            "\u0070\u0069\u0076\u006f\u0074": [
                                -0.5,
                                7,
                                0
                            ],
                            "\u0072\u006f\u0074\u0061\u0074\u0069\u006f\u006e": [
                                50,
                                0,
                                0
                            ],
                            "\u0075\u0076": [
                                0,
                                6
                            ]
                        }
                    ]
                },
                {
                    "\u006e\u0061\u006d\u0065": "\u0070\u0075\u0070\u0069\u006c\u0032",
                    "\u0070\u0061\u0072\u0065\u006e\u0074": "\u0062\u006f\u0064\u0079\u0032",
                    "\u0070\u0069\u0076\u006f\u0074": [
                        -0.5,
                        19,
                        -5
                    ],
                    "\u0063\u0075\u0062\u0065\u0073": [
                        {
                            "\u006f\u0072\u0069\u0067\u0069\u006e": [
                                -2.75,
                                18,
                                -6
                            ],
                            "\u0073\u0069\u007a\u0065": [
                                5.5,
                                2,
                                2
                            ],
                            "\u0075\u0076": [
                                0,
                                14
                            ]
                        }
                    ]
                },
                {
                    "\u006e\u0061\u006d\u0065": "\u0074\u0061\u0069\u006c\u0032",
                    "\u0070\u0061\u0072\u0065\u006e\u0074": "\u0062\u006f\u0064\u0079\u0032",
                    "\u0070\u0069\u0076\u006f\u0074": [
                        0,
                        17,
                        8
                    ],
                    "\u0063\u0075\u0062\u0065\u0073": [
                        {
                            "\u006f\u0072\u0069\u0067\u0069\u006e": [
                                -1.25,
                                16,
                                7
                            ],
                            "\u0073\u0069\u007a\u0065": [
                                2.5,
                                4,
                                18
                            ],
                            "\u0075\u0076": [
                                18,
                                18
                            ]
                        },
                        {
                            "\u006f\u0072\u0069\u0067\u0069\u006e": [
                                0,
                                11,
                                9
                            ],
                            "\u0073\u0069\u007a\u0065": [
                                0,
                                14,
                                18
                            ],
                            "\u0075\u0076": [
                                0,
                                0
                            ]
                        },
                        {
                            "\u006f\u0072\u0069\u0067\u0069\u006e": [
                                -1,
                                19.95442,
                                6.47906
                            ],
                            "\u0073\u0069\u007a\u0065": [
                                2,
                                2,
                                12
                            ],
                            "\u0070\u0069\u0076\u006f\u0074": [
                                0,
                                17,
                                8
                            ],
                            "\u0072\u006f\u0074\u0061\u0074\u0069\u006f\u006e": [
                                -10,
                                0,
                                0
                            ],
                            "\u0075\u0076": [
                                16,
                                2
                            ]
                        },
                        {
                            "\u006f\u0072\u0069\u0067\u0069\u006e": [
                                -1,
                                14.25827,
                                6.04798
                            ],
                            "\u0073\u0069\u007a\u0065": [
                                2,
                                2,
                                12
                            ],
                            "\u0070\u0069\u0076\u006f\u0074": [
                                0,
                                17,
                                8
                            ],
                            "\u0072\u006f\u0074\u0061\u0074\u0069\u006f\u006e": [
                                10,
                                0,
                                0
                            ],
                            "\u0075\u0076": [
                                0,
                                0
                            ]
                        }
                    ]
                }
            ]
        }
    ]
}