{
    "\u0066\u006f\u0072\u006d\u0061\u0074\u005f\u0076\u0065\u0072\u0073\u0069\u006f\u006e": "\u0031\u002e\u0031\u0030\u002e\u0030",
    "\u0067\u0065\u006f\u006d\u0065\u0074\u0072\u0079\u002e\u0070\u0072\u0061\u0077\u006e\u005f\u0066\u0072\u0061\u0067\u006d\u0065\u006e\u0074\u005f\u0074\u0077\u006f": {
        "\u0074\u0065\u0078\u0074\u0075\u0072\u0065\u0077\u0069\u0064\u0074\u0068": 128,
        "\u0074\u0065\u0078\u0074\u0075\u0072\u0065\u0068\u0065\u0069\u0067\u0068\u0074": 300,
        "\u0076\u0069\u0073\u0069\u0062\u006c\u0065\u005f\u0062\u006f\u0075\u006e\u0064\u0073\u005f\u0077\u0069\u0064\u0074\u0068": 4,
        "\u0076\u0069\u0073\u0069\u0062\u006c\u0065\u005f\u0062\u006f\u0075\u006e\u0064\u0073\u005f\u0068\u0065\u0069\u0067\u0068\u0074": 3,
        "\u0076\u0069\u0073\u0069\u0062\u006c\u0065\u005f\u0062\u006f\u0075\u006e\u0064\u0073\u005f\u006f\u0066\u0066\u0073\u0065\u0074": [
            0,
            1.5,
            0
        ],
        "\u0062\u006f\u006e\u0065\u0073": [
            {
                "\u006e\u0061\u006d\u0065": "\u0070\u0072\u0061\u0077\u006e",
                "\u0070\u0069\u0076\u006f\u0074": [
                    0,
                    0,
                    0
                ]
            },
            {
                "\u006e\u0061\u006d\u0065": "\u0067\u006c\u0061\u0073\u0073",
                "\u0070\u0061\u0072\u0065\u006e\u0074": "\u0070\u0072\u0061\u0077\u006e",
                "\u0070\u0069\u0076\u006f\u0074": [
                    0,
                    0,
                    0
                ],
                "\u0063\u0075\u0062\u0065\u0073": [
                    {
                        "\u006f\u0072\u0069\u0067\u0069\u006e": [
                            -8,
                            31,
                            -7
                        ],
                        "\u0073\u0069\u007a\u0065": [
                            16,
                            8,
                            14
                        ],
                        "\u0075\u0076": [
                            0,
                            208
                        ]
                    },
                    {
                        "\u006f\u0072\u0069\u0067\u0069\u006e": [
                            -8.9,
                            39,
                            -8
                        ],
                        "\u0073\u0069\u007a\u0065": [
                            18,
                            20,
                            16
                        ],
                        "\u0075\u0076": [
                            0,
                            92
                        ]
                    }
                ]
            },
            {
                "\u006e\u0061\u006d\u0065": "\u0062\u0061\u0063\u006b",
                "\u0070\u0061\u0072\u0065\u006e\u0074": "\u0070\u0072\u0061\u0077\u006e",
                "\u0070\u0069\u0076\u006f\u0074": [
                    0,
                    48,
                    18
                ],
                "\u0072\u006f\u0074\u0061\u0074\u0069\u006f\u006e": [
                    25,
                    0,
                    0
                ],
                "\u0063\u0075\u0062\u0065\u0073": [
                    {
                        "\u006f\u0072\u0069\u0067\u0069\u006e": [
                            1,
                            44,
                            14
                        ],
                        "\u0073\u0069\u007a\u0065": [
                            6,
                            10,
                            6
                        ],
                        "\u0075\u0076": [
                            104,
                            112
                        ]
                    },
                    {
                        "\u006f\u0072\u0069\u0067\u0069\u006e": [
                            -7,
                            44,
                            14
                        ],
                        "\u0073\u0069\u007a\u0065": [
                            6,
                            10,
                            6
                        ],
                        "\u0075\u0076": [
                            104,
                            112
                        ]
                    }
                ]
            },
            {
                "\u006e\u0061\u006d\u0065": "\u0069\u006e\u0074\u0065\u006e\u0061",
                "\u0070\u0061\u0072\u0065\u006e\u0074": "\u0070\u0072\u0061\u0077\u006e",
                "\u0070\u0069\u0076\u006f\u0074": [
                    -7,
                    63,
                    10
                ],
                "\u0072\u006f\u0074\u0061\u0074\u0069\u006f\u006e": [
                    -25,
                    0,
                    0
                ],
                "\u0063\u0075\u0062\u0065\u0073": [
                    {
                        "\u006f\u0072\u0069\u0067\u0069\u006e": [
                            -8,
                            62,
                            8
                        ],
                        "\u0073\u0069\u007a\u0065": [
                            2,
                            8,
                            2
                        ],
                        "\u0075\u0076": [
                            96,
                            118
                        ]
                    }
                ]
            },
            {
                "\u006e\u0061\u006d\u0065": "\u0063\u0068\u0061\u0069\u0072",
                "\u0070\u0061\u0072\u0065\u006e\u0074": "\u0070\u0072\u0061\u0077\u006e",
                "\u0070\u0069\u0076\u006f\u0074": [
                    0,
                    0,
                    0
                ],
                "\u0063\u0075\u0062\u0065\u0073": [
                    {
                        "\u006f\u0072\u0069\u0067\u0069\u006e": [
                            -5,
                            36,
                            5
                        ],
                        "\u0073\u0069\u007a\u0065": [
                            10,
                            16,
                            2
                        ],
                        "\u0075\u0076": [
                            72,
                            110
                        ]
                    }
                ]
            },
            {
                "\u006e\u0061\u006d\u0065": "\u0063\u0068\u0061\u0069\u0072\u0042",
                "\u0070\u0061\u0072\u0065\u006e\u0074": "\u0063\u0068\u0061\u0069\u0072",
                "\u0070\u0069\u0076\u006f\u0074": [
                    0,
                    40,
                    0
                ],
                "\u0072\u006f\u0074\u0061\u0074\u0069\u006f\u006e": [
                    30,
                    0,
                    0
                ],
                "\u0063\u0075\u0062\u0065\u0073": [
                    {
                        "\u006f\u0072\u0069\u0067\u0069\u006e": [
                            -5,
                            33,
                            -6
                        ],
                        "\u0073\u0069\u007a\u0065": [
                            10,
                            2,
                            10
                        ],
                        "\u0075\u0076": [
                            88,
                            98
                        ]
                    }
                ]
            },
            {
                "\u006e\u0061\u006d\u0065": "\u0042\u006f\u0064\u0079",
                "\u0070\u0061\u0072\u0065\u006e\u0074": "\u0070\u0072\u0061\u0077\u006e",
                "\u0070\u0069\u0076\u006f\u0074": [
                    0,
                    13,
                    9
                ],
                "\u0063\u0075\u0062\u0065\u0073": [
                    {
                        "\u006f\u0072\u0069\u0067\u0069\u006e": [
                            -7,
                            28,
                            7
                        ],
                        "\u0073\u0069\u007a\u0065": [
                            14,
                            21,
                            6
                        ],
                        "\u0075\u0076": [
                            0,
                            273
                        ]
                    },
                    {
                        "\u006f\u0072\u0069\u0067\u0069\u006e": [
                            7,
                            39,
                            4
                        ],
                        "\u0073\u0069\u007a\u0065": [
                            3,
                            10,
                            8
                        ],
                        "\u0075\u0076": [
                            106,
                            282
                        ]
                    },
                    {
                        "\u006f\u0072\u0069\u0067\u0069\u006e": [
                            -10,
                            39,
                            4
                        ],
                        "\u0073\u0069\u007a\u0065": [
                            3,
                            10,
                            8
                        ],
                        "\u0075\u0076": [
                            106,
                            282
                        ]
                    },
                    {
                        "\u006f\u0072\u0069\u0067\u0069\u006e": [
                            -6,
                            32,
                            13
                        ],
                        "\u0073\u0069\u007a\u0065": [
                            12,
                            17,
                            1
                        ],
                        "\u0075\u0076": [
                            49,
                            26
                        ]
                    },
                    {
                        "\u006f\u0072\u0069\u0067\u0069\u006e": [
                            -4,
                            36,
                            14
                        ],
                        "\u0073\u0069\u007a\u0065": [
                            8,
                            13,
                            1
                        ],
                        "\u0075\u0076": [
                            54,
                            29
                        ]
                    },
                    {
                        "\u006f\u0072\u0069\u0067\u0069\u006e": [
                            -7,
                            28,
                            -5
                        ],
                        "\u0073\u0069\u007a\u0065": [
                            14,
                            3,
                            12
                        ],
                        "\u0075\u0076": [
                            0,
                            258
                        ]
                    },
                    {
                        "\u006f\u0072\u0069\u0067\u0069\u006e": [
                            -5,
                            22,
                            0
                        ],
                        "\u0073\u0069\u007a\u0065": [
                            10,
                            6,
                            10
                        ],
                        "\u0075\u0076": [
                            43,
                            28
                        ]
                    },
                    {
                        "\u006f\u0072\u0069\u0067\u0069\u006e": [
                            -6,
                            23,
                            5
                        ],
                        "\u0073\u0069\u007a\u0065": [
                            12,
                            4,
                            4
                        ],
                        "\u0075\u0076": [
                            40,
                            292
                        ]
                    },
                    {
                        "\u006f\u0072\u0069\u0067\u0069\u006e": [
                            -4,
                            21,
                            -3
                        ],
                        "\u0073\u0069\u007a\u0065": [
                            8,
                            7,
                            14
                        ],
                        "\u0075\u0076": [
                            41,
                            26
                        ]
                    },
                    {
                        "\u006f\u0072\u0069\u0067\u0069\u006e": [
                            -3,
                            19,
                            -4
                        ],
                        "\u0073\u0069\u007a\u0065": [
                            6,
                            9,
                            16
                        ],
                        "\u0075\u0076": [
                            41,
                            25
                        ]
                    },
                    {
                        "\u006f\u0072\u0069\u0067\u0069\u006e": [
                            -14,
                            49,
                            7
                        ],
                        "\u0073\u0069\u007a\u0065": [
                            28,
                            10,
                            14
                        ],
                        "\u0075\u0076": [
                            44,
                            0
                        ]
                    },
                    {
                        "\u006f\u0072\u0069\u0067\u0069\u006e": [
                            -21,
                            49,
                            -10
                        ],
                        "\u0073\u0069\u007a\u0065": [
                            11,
                            10,
                            24
                        ],
                        "\u0075\u0076": [
                            56,
                            239
                        ]
                    },
                    {
                        "\u006f\u0072\u0069\u0067\u0069\u006e": [
                            10,
                            49,
                            -10
                        ],
                        "\u0073\u0069\u007a\u0065": [
                            11,
                            10,
                            24
                        ],
                        "\u0075\u0076": [
                            56,
                            239
                        ]
                    },
                    {
                        "\u006f\u0072\u0069\u0067\u0069\u006e": [
                            -19,
                            49,
                            -14
                        ],
                        "\u0073\u0069\u007a\u0065": [
                            10,
                            10,
                            33
                        ],
                        "\u0075\u0076": [
                            0,
                            129
                        ]
                    },
                    {
                        "\u006f\u0072\u0069\u0067\u0069\u006e": [
                            9,
                            49,
                            -14
                        ],
                        "\u0073\u0069\u007a\u0065": [
                            10,
                            10,
                            33
                        ],
                        "\u0075\u0076": [
                            0,
                            129
                        ],
                        "\u006d\u0069\u0072\u0072\u006f\u0072": true
                    },
                    {
                        "\u006f\u0072\u0069\u0067\u0069\u006e": [
                            -19,
                            48,
                            -10
                        ],
                        "\u0073\u0069\u007a\u0065": [
                            10,
                            12,
                            24
                        ],
                        "\u0075\u0076": [
                            60,
                            203
                        ]
                    },
                    {
                        "\u006f\u0072\u0069\u0067\u0069\u006e": [
                            -14,
                            48,
                            12
                        ],
                        "\u0073\u0069\u007a\u0065": [
                            28,
                            12,
                            7
                        ],
                        "\u0075\u0076": [
                            58,
                            128
                        ]
                    },
                    {
                        "\u006f\u0072\u0069\u0067\u0069\u006e": [
                            9,
                            48,
                            -10
                        ],
                        "\u0073\u0069\u007a\u0065": [
                            10,
                            12,
                            24
                        ],
                        "\u0075\u0076": [
                            60,
                            203
                        ],
                        "\u006d\u0069\u0072\u0072\u006f\u0072": true
                    },
                    {
                        "\u006f\u0072\u0069\u0067\u0069\u006e": [
                            12,
                            60,
                            8
                        ],
                        "\u0073\u0069\u007a\u0065": [
                            6,
                            1,
                            4
                        ],
                        "\u0075\u0076": [
                            108,
                            39
                        ]
                    },
                    {
                        "\u006f\u0072\u0069\u0067\u0069\u006e": [
                            -17,
                            60,
                            7
                        ],
                        "\u0073\u0069\u007a\u0065": [
                            4,
                            1,
                            6
                        ],
                        "\u0075\u0076": [
                            88,
                            37
                        ]
                    },
                    {
                        "\u006f\u0072\u0069\u0067\u0069\u006e": [
                            -18,
                            60,
                            8
                        ],
                        "\u0073\u0069\u007a\u0065": [
                            6,
                            1,
                            4
                        ],
                        "\u0075\u0076": [
                            108,
                            39
                        ]
                    },
                    {
                        "\u006f\u0072\u0069\u0067\u0069\u006e": [
                            13,
                            60,
                            7
                        ],
                        "\u0073\u0069\u007a\u0065": [
                            4,
                            1,
                            6
                        ],
                        "\u0075\u0076": [
                            88,
                            37
                        ]
                    },
                    {
                        "\u006f\u0072\u0069\u0067\u0069\u006e": [
                            -9,
                            57,
                            -2
                        ],
                        "\u0073\u0069\u007a\u0065": [
                            18,
                            6,
                            18
                        ],
                        "\u0075\u0076": [
                            0,
                            172
                        ]
                    }
                ]
            }
        ]
    }
}