{
    "\u0066\u006f\u0072\u006d\u0061\u0074\u005f\u0076\u0065\u0072\u0073\u0069\u006f\u006e": "\u0031\u002e\u0031\u0030\u002e\u0030",
    "\u0067\u0065\u006f\u006d\u0065\u0074\u0072\u0079\u002e\u0070\u0072\u0061\u0077\u006e\u005f\u0066\u0072\u0061\u0067\u006d\u0065\u006e\u0074\u005f\u0074\u0068\u0072\u0065\u0065": {
        "\u0074\u0065\u0078\u0074\u0075\u0072\u0065\u0077\u0069\u0064\u0074\u0068": 128,
        "\u0074\u0065\u0078\u0074\u0075\u0072\u0065\u0068\u0065\u0069\u0067\u0068\u0074": 300,
        "\u0076\u0069\u0073\u0069\u0062\u006c\u0065\u005f\u0062\u006f\u0075\u006e\u0064\u0073\u005f\u0077\u0069\u0064\u0074\u0068": 4,
        "\u0076\u0069\u0073\u0069\u0062\u006c\u0065\u005f\u0062\u006f\u0075\u006e\u0064\u0073\u005f\u0068\u0065\u0069\u0067\u0068\u0074": 2,
        "\u0076\u0069\u0073\u0069\u0062\u006c\u0065\u005f\u0062\u006f\u0075\u006e\u0064\u0073\u005f\u006f\u0066\u0066\u0073\u0065\u0074": [
            0,
            1,
            0
        ],
        "\u0062\u006f\u006e\u0065\u0073": [
            {
                "\u006e\u0061\u006d\u0065": "\u0070\u0072\u0061\u0077\u006e",
                "\u0070\u0069\u0076\u006f\u0074": [
                    0,
                    0,
                    0
                ]
            },
            {
                "\u006e\u0061\u006d\u0065": "\u0061\u0072\u006d\u0052\u0054",
                "\u0070\u0061\u0072\u0065\u006e\u0074": "\u0070\u0072\u0061\u0077\u006e",
                "\u0070\u0069\u0076\u006f\u0074": [
                    -16,
                    51,
                    9
                ],
                "\u0072\u006f\u0074\u0061\u0074\u0069\u006f\u006e": [
                    10,
                    0,
                    10
                ],
                "\u0063\u0075\u0062\u0065\u0073": [
                    {
                        "\u006f\u0072\u0069\u0067\u0069\u006e": [
                            -19,
                            33.17365,
                            5.01519
                        ],
                        "\u0073\u0069\u007a\u0065": [
                            6,
                            16,
                            6
                        ],
                        "\u0075\u0076": [
                            0,
                            0
                        ]
                    }
                ]
            },
            {
                "\u006e\u0061\u006d\u0065": "\u0061\u0072\u006d\u0052\u0042",
                "\u0070\u0061\u0072\u0065\u006e\u0074": "\u0061\u0072\u006d\u0052\u0054",
                "\u0070\u0069\u0076\u006f\u0074": [
                    -16.3,
                    33.47365,
                    8.01519
                ],
                "\u0072\u006f\u0074\u0061\u0074\u0069\u006f\u006e": [
                    5,
                    0,
                    -5
                ],
                "\u0063\u0075\u0062\u0065\u0073": [
                    {
                        "\u006f\u0072\u0069\u0067\u0069\u006e": [
                            -19.94675,
                            23.16019,
                            -12.45247
                        ],
                        "\u0073\u0069\u007a\u0065": [
                            8,
                            12,
                            22
                        ],
                        "\u0075\u0076": [
                            38,
                            53
                        ]
                    },
                    {
                        "\u006f\u0072\u0069\u0067\u0069\u006e": [
                            -20.94675,
                            25.16019,
                            -12.45247
                        ],
                        "\u0073\u0069\u007a\u0065": [
                            10,
                            8,
                            20
                        ],
                        "\u0075\u0076": [
                            0,
                            38
                        ]
                    },
                    {
                        "\u006f\u0072\u0069\u0067\u0069\u006e": [
                            -14.94675,
                            26.16019,
                            -21.45247
                        ],
                        "\u0073\u0069\u007a\u0065": [
                            2,
                            2,
                            8
                        ],
                        "\u0075\u0076": [
                            0,
                            28
                        ]
                    },
                    {
                        "\u006f\u0072\u0069\u0067\u0069\u006e": [
                            -18.94675,
                            26.16019,
                            -21.45247
                        ],
                        "\u0073\u0069\u007a\u0065": [
                            2,
                            2,
                            8
                        ],
                        "\u0075\u0076": [
                            0,
                            28
                        ]
                    },
                    {
                        "\u006f\u0072\u0069\u0067\u0069\u006e": [
                            -16.94675,
                            30.16019,
                            -21.45247
                        ],
                        "\u0073\u0069\u007a\u0065": [
                            2,
                            2,
                            8
                        ],
                        "\u0075\u0076": [
                            0,
                            28
                        ]
                    },
                    {
                        "\u006f\u0072\u0069\u0067\u0069\u006e": [
                            -17.94675,
                            27.16019,
                            -14.45247
                        ],
                        "\u0073\u0069\u007a\u0065": [
                            4,
                            4,
                            2
                        ],
                        "\u0075\u0076": [
                            0,
                            22
                        ]
                    }
                ]
            },
            {
                "\u006e\u0061\u006d\u0065": "\u0061\u0072\u006d\u004c\u0054",
                "\u0070\u0061\u0072\u0065\u006e\u0074": "\u0070\u0072\u0061\u0077\u006e",
                "\u0070\u0069\u0076\u006f\u0074": [
                    16,
                    51,
                    8
                ],
                "\u0072\u006f\u0074\u0061\u0074\u0069\u006f\u006e": [
                    11,
                    0,
                    -11
                ],
                "\u0063\u0075\u0062\u0065\u0073": [
                    {
                        "\u006f\u0072\u0069\u0067\u0069\u006e": [
                            13,
                            33,
                            5
                        ],
                        "\u0073\u0069\u007a\u0065": [
                            6,
                            16,
                            6
                        ],
                        "\u0075\u0076": [
                            0,
                            0
                        ]
                    }
                ]
            },
            {
                "\u006e\u0061\u006d\u0065": "\u0061\u0072\u006d\u004c\u0042",
                "\u0070\u0061\u0072\u0065\u006e\u0074": "\u0061\u0072\u006d\u004c\u0054",
                "\u0070\u0069\u0076\u006f\u0074": [
                    16.2,
                    32.4,
                    9.9
                ],
                "\u0072\u006f\u0074\u0061\u0074\u0069\u006f\u006e": [
                    3,
                    0,
                    4
                ],
                "\u0063\u0075\u0062\u0065\u0073": [
                    {
                        "\u006f\u0072\u0069\u0067\u0069\u006e": [
                            11.9048,
                            23.17166,
                            -11.75993
                        ],
                        "\u0073\u0069\u007a\u0065": [
                            8,
                            12,
                            22
                        ],
                        "\u0075\u0076": [
                            38,
                            53
                        ]
                    },
                    {
                        "\u006f\u0072\u0069\u0067\u0069\u006e": [
                            10.9048,
                            25.17166,
                            -11.75993
                        ],
                        "\u0073\u0069\u007a\u0065": [
                            10,
                            8,
                            20
                        ],
                        "\u0075\u0076": [
                            0,
                            38
                        ]
                    },
                    {
                        "\u006f\u0072\u0069\u0067\u0069\u006e": [
                            13.9048,
                            27.17166,
                            -13.75993
                        ],
                        "\u0073\u0069\u007a\u0065": [
                            4,
                            4,
                            2
                        ],
                        "\u0075\u0076": [
                            0,
                            22
                        ]
                    },
                    {
                        "\u006f\u0072\u0069\u0067\u0069\u006e": [
                            14.9048,
                            30.17166,
                            -20.75993
                        ],
                        "\u0073\u0069\u007a\u0065": [
                            2,
                            2,
                            8
                        ],
                        "\u0075\u0076": [
                            0,
                            28
                        ]
                    },
                    {
                        "\u006f\u0072\u0069\u0067\u0069\u006e": [
                            12.9048,
                            26.17166,
                            -20.75993
                        ],
                        "\u0073\u0069\u007a\u0065": [
                            2,
                            2,
                            8
                        ],
                        "\u0075\u0076": [
                            0,
                            28
                        ]
                    },
                    {
                        "\u006f\u0072\u0069\u0067\u0069\u006e": [
                            16.9048,
                            26.17166,
                            -20.75993
                        ],
                        "\u0073\u0069\u007a\u0065": [
                            2,
                            2,
                            8
                        ],
                        "\u0075\u0076": [
                            0,
                            28
                        ]
                    }
                ]
            }
        ]
    }
}