{
    "\u0066\u006f\u0072\u006d\u0061\u0074\u005f\u0076\u0065\u0072\u0073\u0069\u006f\u006e": "\u0031\u002e\u0031\u0032\u002e\u0030",
    "\u006d\u0069\u006e\u0065\u0063\u0072\u0061\u0066\u0074\u003a\u0067\u0065\u006f\u006d\u0065\u0074\u0072\u0079": [
        {
            "\u0064\u0065\u0073\u0063\u0072\u0069\u0070\u0074\u0069\u006f\u006e": {
                "\u0069\u0064\u0065\u006e\u0074\u0069\u0066\u0069\u0065\u0072": "\u0067\u0065\u006f\u006d\u0065\u0074\u0072\u0079\u002e\u0072\u0061\u0062\u0062\u0069\u0074\u0072\u0061\u0079",
                "\u0074\u0065\u0078\u0074\u0075\u0072\u0065\u005f\u0077\u0069\u0064\u0074\u0068": 64,
                "\u0074\u0065\u0078\u0074\u0075\u0072\u0065\u005f\u0068\u0065\u0069\u0067\u0068\u0074": 64,
                "\u0076\u0069\u0073\u0069\u0062\u006c\u0065\u005f\u0062\u006f\u0075\u006e\u0064\u0073\u005f\u0077\u0069\u0064\u0074\u0068": 4,
                "\u0076\u0069\u0073\u0069\u0062\u006c\u0065\u005f\u0062\u006f\u0075\u006e\u0064\u0073\u005f\u0068\u0065\u0069\u0067\u0068\u0074": 1,
                "\u0076\u0069\u0073\u0069\u0062\u006c\u0065\u005f\u0062\u006f\u0075\u006e\u0064\u0073\u005f\u006f\u0066\u0066\u0073\u0065\u0074": [
                    0,
                    0.5,
                    0
                ]
            },
            "\u0062\u006f\u006e\u0065\u0073": [
                {
                    "\u006e\u0061\u006d\u0065": "\u0062\u006f\u0064\u0079",
                    "\u0070\u0069\u0076\u006f\u0074": [
                        0,
                        0,
                        0
                    ],
                    "\u0063\u0075\u0062\u0065\u0073": [
                        {
                            "\u006f\u0072\u0069\u0067\u0069\u006e": [
                                -3.5,
                                9,
                                -5
                            ],
                            "\u0073\u0069\u007a\u0065": [
                                7,
                                6,
                                8
                            ],
                            "\u0075\u0076": [
                                0,
                                24
                            ]
                        },
                        {
                            "\u006f\u0072\u0069\u0067\u0069\u006e": [
                                -2.5,
                                10,
                                -7
                            ],
                            "\u0073\u0069\u007a\u0065": [
                                5,
                                5,
                                2
                            ],
                            "\u0075\u0076": [
                                40,
                                28
                            ]
                        }
                    ]
                },
                {
                    "\u006e\u0061\u006d\u0065": "\u006c\u0065\u0066\u0074\u0066\u0069\u006e\u0032",
                    "\u0070\u0061\u0072\u0065\u006e\u0074": "\u0062\u006f\u0064\u0079",
                    "\u0070\u0069\u0076\u006f\u0074": [
                        3,
                        12,
                        2
                    ]
                },
                {
                    "\u006e\u0061\u006d\u0065": "\u0062\u006f\u0064\u0079\u0032",
                    "\u0070\u0061\u0072\u0065\u006e\u0074": "\u0062\u006f\u0064\u0079",
                    "\u0070\u0069\u0076\u006f\u0074": [
                        0,
                        14,
                        3
                    ],
                    "\u0063\u0075\u0062\u0065\u0073": [
                        {
                            "\u006f\u0072\u0069\u0067\u0069\u006e": [
                                -2.5,
                                10,
                                3
                            ],
                            "\u0073\u0069\u007a\u0065": [
                                5,
                                5,
                                9
                            ],
                            "\u0075\u0076": [
                                21,
                                29
                            ]
                        }
                    ]
                },
                {
                    "\u006e\u0061\u006d\u0065": "\u006c\u0065\u0066\u0074\u0066\u0069\u006e",
                    "\u0070\u0061\u0072\u0065\u006e\u0074": "\u0062\u006f\u0064\u0079\u0032",
                    "\u0070\u0069\u0076\u006f\u0074": [
                        3,
                        12,
                        9
                    ],
                    "\u0063\u0075\u0062\u0065\u0073": [
                        {
                            "\u006f\u0072\u0069\u0067\u0069\u006e": [
                                1,
                                12,
                                3
                            ],
                            "\u0073\u0069\u007a\u0065": [
                                8,
                                1,
                                8
                            ],
                            "\u0070\u0069\u0076\u006f\u0074": [
                                3,
                                12,
                                9
                            ],
                            "\u0072\u006f\u0074\u0061\u0074\u0069\u006f\u006e": [
                                0,
                                -25,
                                0
                            ],
                            "\u0075\u0076": [
                                31,
                                12
                            ]
                        }
                    ]
                },
                {
                    "\u006e\u0061\u006d\u0065": "\u0072\u0069\u0067\u0068\u0074\u0066\u0069\u006e\u0033",
                    "\u0070\u0061\u0072\u0065\u006e\u0074": "\u0062\u006f\u0064\u0079\u0032",
                    "\u0070\u0069\u0076\u006f\u0074": [
                        -3,
                        12,
                        9
                    ],
                    "\u0063\u0075\u0062\u0065\u0073": [
                        {
                            "\u006f\u0072\u0069\u0067\u0069\u006e": [
                                -9,
                                12,
                                3
                            ],
                            "\u0073\u0069\u007a\u0065": [
                                8,
                                1,
                                8
                            ],
                            "\u0070\u0069\u0076\u006f\u0074": [
                                -3,
                                12,
                                9
                            ],
                            "\u0072\u006f\u0074\u0061\u0074\u0069\u006f\u006e": [
                                0,
                                25,
                                0
                            ],
                            "\u0075\u0076": [
                                31,
                                0
                            ]
                        }
                    ]
                },
                {
                    "\u006e\u0061\u006d\u0065": "\u0072\u0069\u0067\u0068\u0074\u0066\u0069\u006e\u0032",
                    "\u0070\u0061\u0072\u0065\u006e\u0074": "\u0062\u006f\u0064\u0079\u0032",
                    "\u0070\u0069\u0076\u006f\u0074": [
                        3,
                        13,
                        1
                    ],
                    "\u0063\u0075\u0062\u0065\u0073": [
                        {
                            "\u006f\u0072\u0069\u0067\u0069\u006e": [
                                2,
                                12,
                                -5.1
                            ],
                            "\u0073\u0069\u007a\u0065": [
                                10,
                                1,
                                11
                            ],
                            "\u0070\u0069\u0076\u006f\u0074": [
                                3,
                                13,
                                1
                            ],
                            "\u0072\u006f\u0074\u0061\u0074\u0069\u006f\u006e": [
                                0,
                                0,
                                5
                            ],
                            "\u0075\u0076": [
                                0,
                                12
                            ]
                        }
                    ]
                },
                {
                    "\u006e\u0061\u006d\u0065": "\u006c\u0065\u0066\u0074\u0066\u0069\u006e\u0034",
                    "\u0070\u0061\u0072\u0065\u006e\u0074": "\u0062\u006f\u0064\u0079\u0032",
                    "\u0070\u0069\u0076\u006f\u0074": [
                        -3,
                        13,
                        1
                    ],
                    "\u0063\u0075\u0062\u0065\u0073": [
                        {
                            "\u006f\u0072\u0069\u0067\u0069\u006e": [
                                -12,
                                12,
                                -5.1
                            ],
                            "\u0073\u0069\u007a\u0065": [
                                10,
                                1,
                                11
                            ],
                            "\u0070\u0069\u0076\u006f\u0074": [
                                -3,
                                13,
                                1
                            ],
                            "\u0072\u006f\u0074\u0061\u0074\u0069\u006f\u006e": [
                                0,
                                0,
                                -5
                            ],
                            "\u0075\u0076": [
                                0,
                                0
                            ]
                        }
                    ]
                },
                {
                    "\u006e\u0061\u006d\u0065": "\u0074\u0061\u0069\u006c",
                    "\u0070\u0061\u0072\u0065\u006e\u0074": "\u0062\u006f\u0064\u0079\u0032",
                    "\u0070\u0069\u0076\u006f\u0074": [
                        0,
                        13,
                        12
                    ],
                    "\u0063\u0075\u0062\u0065\u0073": [
                        {
                            "\u006f\u0072\u0069\u0067\u0069\u006e": [
                                -2,
                                11,
                                11
                            ],
                            "\u0073\u0069\u007a\u0065": [
                                4,
                                3.6,
                                4
                            ],
                            "\u0070\u0069\u0076\u006f\u0074": [
                                0,
                                13,
                                11
                            ],
                            "\u0072\u006f\u0074\u0061\u0074\u0069\u006f\u006e": [
                                -10,
                                0,
                                0
                            ],
                            "\u0075\u0076": [
                                38,
                                21
                            ]
                        }
                    ]
                },
                {
                    "\u006e\u0061\u006d\u0065": "\u0074\u0061\u0069\u006c\u0032",
                    "\u0070\u0061\u0072\u0065\u006e\u0074": "\u0074\u0061\u0069\u006c",
                    "\u0070\u0069\u0076\u006f\u0074": [
                        0,
                        13,
                        15
                    ],
                    "\u0063\u0075\u0062\u0065\u0073": [
                        {
                            "\u006f\u0072\u0069\u0067\u0069\u006e": [
                                -1,
                                11.30541,
                                15.06077
                            ],
                            "\u0073\u0069\u007a\u0065": [
                                2,
                                2.6,
                                5
                            ],
                            "\u0075\u0076": [
                                43,
                                43
                            ]
                        }
                    ]
                },
                {
                    "\u006e\u0061\u006d\u0065": "\u0074\u0061\u0069\u006c\u0033",
                    "\u0070\u0061\u0072\u0065\u006e\u0074": "\u0074\u0061\u0069\u006c\u0032",
                    "\u0070\u0069\u0076\u006f\u0074": [
                        0,
                        13,
                        20
                    ],
                    "\u0072\u006f\u0074\u0061\u0074\u0069\u006f\u006e": [
                        5,
                        0,
                        0
                    ],
                    "\u0063\u0075\u0062\u0065\u0073": [
                        {
                            "\u006f\u0072\u0069\u0067\u0069\u006e": [
                                -1,
                                12.30541,
                                20.06077
                            ],
                            "\u0073\u0069\u007a\u0065": [
                                2,
                                1.6,
                                2
                            ],
                            "\u0075\u0076": [
                                0,
                                20
                            ]
                        },
                        {
                            "\u006f\u0072\u0069\u0067\u0069\u006e": [
                                -2,
                                12,
                                20.06077
                            ],
                            "\u0073\u0069\u007a\u0065": [
                                2,
                                1.4,
                                5
                            ],
                            "\u0070\u0069\u0076\u006f\u0074": [
                                -1,
                                13,
                                20
                            ],
                            "\u0072\u006f\u0074\u0061\u0074\u0069\u006f\u006e": [
                                0,
                                -10,
                                0
                            ],
                            "\u0075\u0076": [
                                49,
                                30
                            ]
                        },
                        {
                            "\u006f\u0072\u0069\u0067\u0069\u006e": [
                                0,
                                12,
                                20.06077
                            ],
                            "\u0073\u0069\u007a\u0065": [
                                2,
                                1.4,
                                5
                            ],
                            "\u0070\u0069\u0076\u006f\u0074": [
                                1,
                                13,
                                20
                            ],
                            "\u0072\u006f\u0074\u0061\u0074\u0069\u006f\u006e": [
                                0,
                                10,
                                0
                            ],
                            "\u0075\u0076": [
                                0,
                                44
                            ]
                        }
                    ]
                },
                {
                    "\u006e\u0061\u006d\u0065": "\u006e\u0065\u0063\u006b",
                    "\u0070\u0061\u0072\u0065\u006e\u0074": "\u0062\u006f\u0064\u0079",
                    "\u0070\u0069\u0076\u006f\u0074": [
                        0,
                        12,
                        -5
                    ],
                    "\u0063\u0075\u0062\u0065\u0073": [
                        {
                            "\u006f\u0072\u0069\u0067\u0069\u006e": [
                                -1.9,
                                11,
                                -10
                            ],
                            "\u0073\u0069\u007a\u0065": [
                                3.8,
                                3.8,
                                4
                            ],
                            "\u0075\u0076": [
                                29,
                                43
                            ]
                        }
                    ]
                },
                {
                    "\u006e\u0061\u006d\u0065": "\u0068\u0065\u0061\u0064",
                    "\u0070\u0061\u0072\u0065\u006e\u0074": "\u006e\u0065\u0063\u006b",
                    "\u0070\u0069\u0076\u006f\u0074": [
                        0,
                        12,
                        -9
                    ],
                    "\u0063\u0075\u0062\u0065\u0073": [
                        {
                            "\u006f\u0072\u0069\u0067\u0069\u006e": [
                                -2,
                                9,
                                -12
                            ],
                            "\u0073\u0069\u007a\u0065": [
                                4,
                                4,
                                3
                            ],
                            "\u0070\u0069\u0076\u006f\u0074": [
                                0,
                                12,
                                -9
                            ],
                            "\u0072\u006f\u0074\u0061\u0074\u0069\u006f\u006e": [
                                -70,
                                0,
                                0
                            ],
                            "\u0075\u0076": [
                                15,
                                43
                            ]
                        },
                        {
                            "\u006f\u0072\u0069\u0067\u0069\u006e": [
                                -2,
                                15.73215,
                                -8.28108
                            ],
                            "\u0073\u0069\u007a\u0065": [
                                2,
                                4,
                                1
                            ],
                            "\u0070\u0069\u0076\u006f\u0074": [
                                0,
                                15,
                                -9
                            ],
                            "\u0072\u006f\u0074\u0061\u0074\u0069\u006f\u006e": [
                                -65,
                                -25,
                                0
                            ],
                            "\u0075\u0076": [
                                0,
                                12
                            ]
                        },
                        {
                            "\u006f\u0072\u0069\u0067\u0069\u006e": [
                                0,
                                15.73215,
                                -8.28108
                            ],
                            "\u0073\u0069\u007a\u0065": [
                                2,
                                4,
                                1
                            ],
                            "\u0070\u0069\u0076\u006f\u0074": [
                                0,
                                15,
                                -9
                            ],
                            "\u0072\u006f\u0074\u0061\u0074\u0069\u006f\u006e": [
                                -65,
                                25,
                                0
                            ],
                            "\u0075\u0076": [
                                0,
                                4
                            ]
                        },
                        {
                            "\u006f\u0072\u0069\u0067\u0069\u006e": [
                                -2.6,
                                10,
                                -13
                            ],
                            "\u0073\u0069\u007a\u0065": [
                                5.2,
                                2,
                                4
                            ],
                            "\u0070\u0069\u0076\u006f\u0074": [
                                -0.4,
                                11,
                                -9
                            ],
                            "\u0072\u006f\u0074\u0061\u0074\u0069\u006f\u006e": [
                                -20,
                                0,
                                0
                            ],
                            "\u0075\u0076": [
                                0,
                                38
                            ]
                        },
                        {
                            "\u006f\u0072\u0069\u0067\u0069\u006e": [
                                -1,
                                11.2,
                                -15
                            ],
                            "\u0073\u0069\u007a\u0065": [
                                2,
                                1,
                                2
                            ],
                            "\u0075\u0076": [
                                0,
                                17
                            ]
                        },
                        {
                            "\u006f\u0072\u0069\u0067\u0069\u006e": [
                                -0.9,
                                12,
                                -15
                            ],
                            "\u0073\u0069\u007a\u0065": [
                                1.8,
                                1,
                                3
                            ],
                            "\u0070\u0069\u0076\u006f\u0074": [
                                -0.1,
                                13,
                                -14
                            ],
                            "\u0072\u006f\u0074\u0061\u0074\u0069\u006f\u006e": [
                                20,
                                0,
                                0
                            ],
                            "\u0075\u0076": [
                                0,
                                0
                            ]
                        },
                        {
                            "\u006f\u0072\u0069\u0067\u0069\u006e": [
                                -1.5,
                                13,
                                -14
                            ],
                            "\u0073\u0069\u007a\u0065": [
                                3,
                                -1.8,
                                2
                            ],
                            "\u0070\u0069\u0076\u006f\u0074": [
                                -0.5,
                                13,
                                -14
                            ],
                            "\u0072\u006f\u0074\u0061\u0074\u0069\u006f\u006e": [
                                30,
                                0,
                                0
                            ],
                            "\u0075\u0076": [
                                0,
                                0
                            ]
                        }
                    ]
                }
            ]
        }
    ]
}