{
    "\u0066\u006f\u0072\u006d\u0061\u0074\u005f\u0076\u0065\u0072\u0073\u0069\u006f\u006e": "\u0031\u002e\u0031\u0032\u002e\u0030",
    "\u006d\u0069\u006e\u0065\u0063\u0072\u0061\u0066\u0074\u003a\u0067\u0065\u006f\u006d\u0065\u0074\u0072\u0079": [
        {
            "\u0064\u0065\u0073\u0063\u0072\u0069\u0070\u0074\u0069\u006f\u006e": {
                "\u0069\u0064\u0065\u006e\u0074\u0069\u0066\u0069\u0065\u0072": "\u0067\u0065\u006f\u006d\u0065\u0074\u0072\u0079\u002e\u0072\u0065\u0061\u0070\u0065\u0072",
                "\u0074\u0065\u0078\u0074\u0075\u0072\u0065\u005f\u0077\u0069\u0064\u0074\u0068": 1024,
                "\u0074\u0065\u0078\u0074\u0075\u0072\u0065\u005f\u0068\u0065\u0069\u0067\u0068\u0074": 1024,
                "\u0076\u0069\u0073\u0069\u0062\u006c\u0065\u005f\u0062\u006f\u0075\u006e\u0064\u0073\u005f\u0077\u0069\u0064\u0074\u0068": 85,
                "\u0076\u0069\u0073\u0069\u0062\u006c\u0065\u005f\u0062\u006f\u0075\u006e\u0064\u0073\u005f\u0068\u0065\u0069\u0067\u0068\u0074": 8,
                "\u0076\u0069\u0073\u0069\u0062\u006c\u0065\u005f\u0062\u006f\u0075\u006e\u0064\u0073\u005f\u006f\u0066\u0066\u0073\u0065\u0074": [
                    0,
                    4,
                    0
                ]
            },
            "\u0062\u006f\u006e\u0065\u0073": [
                {
                    "\u006e\u0061\u006d\u0065": "\u0072\u0065\u0061\u0070\u0065\u0072",
                    "\u0070\u0069\u0076\u006f\u0074": [
                        0,
                        0,
                        0
                    ]
                },
                {
                    "\u006e\u0061\u006d\u0065": "\u0062\u006f\u0064\u0079\u0073\u0065\u0063\u0074\u0069\u006f\u006e\u0031",
                    "\u0070\u0061\u0072\u0065\u006e\u0074": "\u0072\u0065\u0061\u0070\u0065\u0072",
                    "\u0070\u0069\u0076\u006f\u0074": [
                        0,
                        0,
                        0
                    ]
                },
                {
                    "\u006e\u0061\u006d\u0065": "\u0062\u0031",
                    "\u0070\u0061\u0072\u0065\u006e\u0074": "\u0062\u006f\u0064\u0079\u0073\u0065\u0063\u0074\u0069\u006f\u006e\u0031",
                    "\u0070\u0069\u0076\u006f\u0074": [
                        0,
                        0,
                        0
                    ],
                    "\u0063\u0075\u0062\u0065\u0073": [
                        {
                            "\u006f\u0072\u0069\u0067\u0069\u006e": [
                                -16,
                                14,
                                -20
                            ],
                            "\u0073\u0069\u007a\u0065": [
                                30,
                                26,
                                86
                            ],
                            "\u0069\u006e\u0066\u006c\u0061\u0074\u0065": 5,
                            "\u0075\u0076": [
                                0,
                                166
                            ]
                        },
                        {
                            "\u006f\u0072\u0069\u0067\u0069\u006e": [
                                -14,
                                41.07317,
                                22.74393
                            ],
                            "\u0073\u0069\u007a\u0065": [
                                27,
                                5,
                                52
                            ],
                            "\u0069\u006e\u0066\u006c\u0061\u0074\u0065": 5,
                            "\u0070\u0069\u0076\u006f\u0074": [
                                -0.5,
                                43.57317,
                                48.74393
                            ],
                            "\u0072\u006f\u0074\u0061\u0074\u0069\u006f\u006e": [
                                -10,
                                0,
                                0
                            ],
                            "\u0075\u0076": [
                                288,
                                221
                            ]
                        },
                        {
                            "\u006f\u0072\u0069\u0067\u0069\u006e": [
                                -14,
                                41.13475,
                                -17.35948
                            ],
                            "\u0073\u0069\u007a\u0065": [
                                27,
                                5,
                                36
                            ],
                            "\u0069\u006e\u0066\u006c\u0061\u0074\u0065": 4.9,
                            "\u0070\u0069\u0076\u006f\u0074": [
                                -0.5,
                                43.63475,
                                0.64052
                            ],
                            "\u0072\u006f\u0074\u0061\u0074\u0069\u006f\u006e": [
                                15,
                                0,
                                0
                            ],
                            "\u0075\u0076": [
                                0,
                                44
                            ]
                        }
                    ]
                },
                {
                    "\u006e\u0061\u006d\u0065": "\u0066\u0069\u006e",
                    "\u0070\u0061\u0072\u0065\u006e\u0074": "\u0062\u0031",
                    "\u0070\u0069\u0076\u006f\u0074": [
                        -36,
                        3,
                        3
                    ],
                    "\u0063\u0075\u0062\u0065\u0073": [
                        {
                            "\u006f\u0072\u0069\u0067\u0069\u006e": [
                                -45.04552,
                                2.29423,
                                0
                            ],
                            "\u0073\u0069\u007a\u0065": [
                                28,
                                4,
                                15
                            ],
                            "\u0069\u006e\u0066\u006c\u0061\u0074\u0065": 1,
                            "\u0070\u0069\u0076\u006f\u0074": [
                                -36,
                                3,
                                3
                            ],
                            "\u0072\u006f\u0074\u0061\u0074\u0069\u006f\u006e": [
                                0,
                                0,
                                -30
                            ],
                            "\u0075\u0076": [
                                0,
                                226
                            ]
                        },
                        {
                            "\u006f\u0072\u0069\u0067\u0069\u006e": [
                                -79.35093,
                                2.29423,
                                7.93923
                            ],
                            "\u0073\u0069\u007a\u0065": [
                                42,
                                4,
                                8
                            ],
                            "\u0069\u006e\u0066\u006c\u0061\u0074\u0065": 1,
                            "\u0070\u0069\u0076\u006f\u0074": [
                                -36,
                                3,
                                3
                            ],
                            "\u0072\u006f\u0074\u0061\u0074\u0069\u006f\u006e": [
                                0,
                                -10,
                                -30
                            ],
                            "\u0075\u0076": [
                                266,
                                348
                            ]
                        },
                        {
                            "\u006f\u0072\u0069\u0067\u0069\u006e": [
                                -130,
                                3,
                                0
                            ],
                            "\u0073\u0069\u007a\u0065": [
                                95,
                                3,
                                5
                            ],
                            "\u0069\u006e\u0066\u006c\u0061\u0074\u0065": 1,
                            "\u0070\u0069\u0076\u006f\u0074": [
                                -36,
                                3,
                                3
                            ],
                            "\u0072\u006f\u0074\u0061\u0074\u0069\u006f\u006e": [
                                0,
                                0,
                                -30
                            ],
                            "\u0075\u0076": [
                                146,
                                174
                            ]
                        },
                        {
                            "\u006f\u0072\u0069\u0067\u0069\u006e": [
                                -131.04179,
                                -5.27416,
                                0
                            ],
                            "\u0073\u0069\u007a\u0065": [
                                8,
                                3,
                                13
                            ],
                            "\u0070\u0069\u0076\u006f\u0074": [
                                -36,
                                3,
                                3
                            ],
                            "\u0072\u006f\u0074\u0061\u0074\u0069\u006f\u006e": [
                                0,
                                0,
                                -25
                            ],
                            "\u0075\u0076": [
                                90,
                                16
                            ]
                        }
                    ]
                },
                {
                    "\u006e\u0061\u006d\u0065": "\u0066\u0069\u006e\u0032",
                    "\u0070\u0061\u0072\u0065\u006e\u0074": "\u0062\u0031",
                    "\u0070\u0069\u0076\u006f\u0074": [
                        36,
                        3,
                        3
                    ],
                    "\u0063\u0075\u0062\u0065\u0073": [
                        {
                            "\u006f\u0072\u0069\u0067\u0069\u006e": [
                                17.04552,
                                2.29423,
                                0
                            ],
                            "\u0073\u0069\u007a\u0065": [
                                28,
                                4,
                                15
                            ],
                            "\u0069\u006e\u0066\u006c\u0061\u0074\u0065": 1,
                            "\u0070\u0069\u0076\u006f\u0074": [
                                36,
                                3,
                                3
                            ],
                            "\u0072\u006f\u0074\u0061\u0074\u0069\u006f\u006e": [
                                0,
                                0,
                                30
                            ],
                            "\u0075\u0076": [
                                146,
                                218
                            ]
                        },
                        {
                            "\u006f\u0072\u0069\u0067\u0069\u006e": [
                                37.35093,
                                2.29423,
                                7.93923
                            ],
                            "\u0073\u0069\u007a\u0065": [
                                42,
                                4,
                                8
                            ],
                            "\u0069\u006e\u0066\u006c\u0061\u0074\u0065": 1,
                            "\u0070\u0069\u0076\u006f\u0074": [
                                36,
                                3,
                                3
                            ],
                            "\u0072\u006f\u0074\u0061\u0074\u0069\u006f\u006e": [
                                0,
                                10,
                                30
                            ],
                            "\u0075\u0076": [
                                133,
                                310
                            ]
                        },
                        {
                            "\u006f\u0072\u0069\u0067\u0069\u006e": [
                                35,
                                3,
                                0
                            ],
                            "\u0073\u0069\u007a\u0065": [
                                95,
                                3,
                                5
                            ],
                            "\u0069\u006e\u0066\u006c\u0061\u0074\u0065": 1,
                            "\u0070\u0069\u0076\u006f\u0074": [
                                36,
                                3,
                                3
                            ],
                            "\u0072\u006f\u0074\u0061\u0074\u0069\u006f\u006e": [
                                0,
                                0,
                                30
                            ],
                            "\u0075\u0076": [
                                146,
                                166
                            ]
                        },
                        {
                            "\u006f\u0072\u0069\u0067\u0069\u006e": [
                                123.04179,
                                -5.27416,
                                0
                            ],
                            "\u0073\u0069\u007a\u0065": [
                                8,
                                3,
                                13
                            ],
                            "\u0070\u0069\u0076\u006f\u0074": [
                                36,
                                3,
                                3
                            ],
                            "\u0072\u006f\u0074\u0061\u0074\u0069\u006f\u006e": [
                                0,
                                0,
                                25
                            ],
                            "\u0075\u0076": [
                                90,
                                0
                            ]
                        }
                    ]
                },
                {
                    "\u006e\u0061\u006d\u0065": "\u0066\u0075\u006c\u006c\u0074\u0061\u0069\u006c",
                    "\u0070\u0061\u0072\u0065\u006e\u0074": "\u0062\u006f\u0064\u0079\u0073\u0065\u0063\u0074\u0069\u006f\u006e\u0031",
                    "\u0070\u0069\u0076\u006f\u0074": [
                        0,
                        25,
                        56.1
                    ]
                },
                {
                    "\u006e\u0061\u006d\u0065": "\u0062\u006f\u0064\u0079\u0073\u0065\u0063\u0074\u0069\u006f\u006e\u0032",
                    "\u0070\u0061\u0072\u0065\u006e\u0074": "\u0066\u0075\u006c\u006c\u0074\u0061\u0069\u006c",
                    "\u0070\u0069\u0076\u006f\u0074": [
                        0,
                        26,
                        56.3
                    ],
                    "\u0072\u006f\u0074\u0061\u0074\u0069\u006f\u006e": [
                        3,
                        0,
                        0
                    ],
                    "\u0063\u0075\u0062\u0065\u0073": [
                        {
                            "\u006f\u0072\u0069\u0067\u0069\u006e": [
                                -15,
                                9.85695,
                                58.27369
                            ],
                            "\u0073\u0069\u007a\u0065": [
                                28,
                                32,
                                77
                            ],
                            "\u0070\u0069\u0076\u006f\u0074": [
                                0,
                                26,
                                56.3
                            ],
                            "\u0072\u006f\u0074\u0061\u0074\u0069\u006f\u006e": [
                                -3,
                                0,
                                0
                            ],
                            "\u0075\u0076": [
                                0,
                                387
                            ]
                        }
                    ]
                },
                {
                    "\u006e\u0061\u006d\u0065": "\u0062\u006f\u0064\u0079\u0073\u0065\u0063\u0074\u0069\u006f\u006e\u0033",
                    "\u0070\u0061\u0072\u0065\u006e\u0074": "\u0062\u006f\u0064\u0079\u0073\u0065\u0063\u0074\u0069\u006f\u006e\u0032",
                    "\u0070\u0069\u0076\u006f\u0074": [
                        0,
                        19.16297,
                        125.66039
                    ],
                    "\u0072\u006f\u0074\u0061\u0074\u0069\u006f\u006e": [
                        7,
                        0,
                        0
                    ],
                    "\u0063\u0075\u0062\u0065\u0073": [
                        {
                            "\u006f\u0072\u0069\u0067\u0069\u006e": [
                                -15,
                                4.68211,
                                126.61041
                            ],
                            "\u0073\u0069\u007a\u0065": [
                                28,
                                32,
                                77
                            ],
                            "\u0069\u006e\u0066\u006c\u0061\u0074\u0065": -1,
                            "\u0070\u0069\u0076\u006f\u0074": [
                                0,
                                19.16297,
                                125.66039
                            ],
                            "\u0072\u006f\u0074\u0061\u0074\u0069\u006f\u006e": [
                                -10,
                                0,
                                0
                            ],
                            "\u0075\u0076": [
                                133,
                                326
                            ]
                        }
                    ]
                },
                {
                    "\u006e\u0061\u006d\u0065": "\u0062\u006f\u0064\u0079\u0073\u0065\u0063\u0074\u0069\u006f\u006e\u0034",
                    "\u0070\u0061\u0072\u0065\u006e\u0074": "\u0062\u006f\u0064\u0079\u0073\u0065\u0063\u0074\u0069\u006f\u006e\u0033",
                    "\u0070\u0069\u0076\u006f\u0074": [
                        0,
                        9.74577,
                        187.5444
                    ],
                    "\u0072\u006f\u0074\u0061\u0074\u0069\u006f\u006e": [
                        6,
                        0,
                        0
                    ],
                    "\u0063\u0075\u0062\u0065\u0073": [
                        {
                            "\u006f\u0072\u0069\u0067\u0069\u006e": [
                                -15,
                                -4.30615,
                                188.05431
                            ],
                            "\u0073\u0069\u007a\u0065": [
                                28,
                                32,
                                77
                            ],
                            "\u0069\u006e\u0066\u006c\u0061\u0074\u0065": -2,
                            "\u0070\u0069\u0076\u006f\u0074": [
                                0,
                                9.74577,
                                187.5444
                            ],
                            "\u0072\u006f\u0074\u0061\u0074\u0069\u006f\u006e": [
                                -15,
                                0,
                                0
                            ],
                            "\u0075\u0076": [
                                294,
                                294
                            ]
                        }
                    ]
                },
                {
                    "\u006e\u0061\u006d\u0065": "\u0062\u006f\u0064\u0079\u0073\u0065\u0063\u0074\u0069\u006f\u006e\u0035",
                    "\u0070\u0061\u0072\u0065\u006e\u0074": "\u0062\u006f\u0064\u0079\u0073\u0065\u0063\u0074\u0069\u006f\u006e\u0034",
                    "\u0070\u0069\u0076\u006f\u0074": [
                        0,
                        -4.39202,
                        252.61253
                    ],
                    "\u0072\u006f\u0074\u0061\u0074\u0069\u006f\u006e": [
                        5,
                        0,
                        0
                    ],
                    "\u0063\u0075\u0062\u0065\u0073": [
                        {
                            "\u006f\u0072\u0069\u0067\u0069\u006e": [
                                -15,
                                -19.06718,
                                251.2118
                            ],
                            "\u0073\u0069\u007a\u0065": [
                                28,
                                32,
                                77
                            ],
                            "\u0069\u006e\u0066\u006c\u0061\u0074\u0065": -3,
                            "\u0070\u0069\u0076\u006f\u0074": [
                                0,
                                -4.39202,
                                252.61253
                            ],
                            "\u0072\u006f\u0074\u0061\u0074\u0069\u006f\u006e": [
                                -20,
                                0,
                                0
                            ],
                            "\u0075\u0076": [
                                288,
                                112
                            ]
                        }
                    ]
                },
                {
                    "\u006e\u0061\u006d\u0065": "\u0062\u006f\u0064\u0079\u0073\u0065\u0063\u0074\u0069\u006f\u006e\u0036",
                    "\u0070\u0061\u0072\u0065\u006e\u0074": "\u0062\u006f\u0064\u0079\u0073\u0065\u0063\u0074\u0069\u006f\u006e\u0035",
                    "\u0070\u0069\u0076\u006f\u0074": [
                        0,
                        -24.76142,
                        310.64774
                    ],
                    "\u0072\u006f\u0074\u0061\u0074\u0069\u006f\u006e": [
                        6,
                        0,
                        0
                    ],
                    "\u0063\u0075\u0062\u0065\u0073": [
                        {
                            "\u006f\u0072\u0069\u0067\u0069\u006e": [
                                -15,
                                -40.85893,
                                309.46801
                            ],
                            "\u0073\u0069\u007a\u0065": [
                                28,
                                32,
                                77
                            ],
                            "\u0069\u006e\u0066\u006c\u0061\u0074\u0065": -4,
                            "\u0070\u0069\u0076\u006f\u0074": [
                                0,
                                -24.76142,
                                310.64774
                            ],
                            "\u0072\u006f\u0074\u0061\u0074\u0069\u006f\u006e": [
                                -25,
                                0,
                                0
                            ],
                            "\u0075\u0076": [
                                0,
                                278
                            ]
                        }
                    ]
                },
                {
                    "\u006e\u0061\u006d\u0065": "\u0062\u006f\u0064\u0079\u0073\u0065\u0063\u0074\u0069\u006f\u006e\u0037",
                    "\u0070\u0061\u0072\u0065\u006e\u0074": "\u0062\u006f\u0064\u0079\u0073\u0065\u0063\u0074\u0069\u006f\u006e\u0036",
                    "\u0070\u0069\u0076\u006f\u0074": [
                        0,
                        -50.9003,
                        360.74841
                    ],
                    "\u0072\u006f\u0074\u0061\u0074\u0069\u006f\u006e": [
                        6,
                        0,
                        0
                    ],
                    "\u0063\u0075\u0062\u0065\u0073": [
                        {
                            "\u006f\u0072\u0069\u0067\u0069\u006e": [
                                -15,
                                -66.38329,
                                358.66754
                            ],
                            "\u0073\u0069\u007a\u0065": [
                                28,
                                32,
                                83
                            ],
                            "\u0069\u006e\u0066\u006c\u0061\u0074\u0065": -5,
                            "\u0070\u0069\u0076\u006f\u0074": [
                                0,
                                -50.9003,
                                360.74841
                            ],
                            "\u0072\u006f\u0074\u0061\u0074\u0069\u006f\u006e": [
                                -30,
                                0,
                                0
                            ],
                            "\u0075\u0076": [
                                149,
                                195
                            ]
                        }
                    ]
                },
                {
                    "\u006e\u0061\u006d\u0065": "\u0062\u006f\u0064\u0079\u0073\u0065\u0063\u0074\u0069\u006f\u006e\u0038",
                    "\u0070\u0061\u0072\u0065\u006e\u0074": "\u0062\u006f\u0064\u0079\u0073\u0065\u0063\u0074\u0069\u006f\u006e\u0037",
                    "\u0070\u0069\u0076\u006f\u0074": [
                        0,
                        -87.23785,
                        418.64725
                    ],
                    "\u0072\u006f\u0074\u0061\u0074\u0069\u006f\u006e": [
                        5,
                        0,
                        0
                    ],
                    "\u0063\u0075\u0062\u0065\u0073": [
                        {
                            "\u006f\u0072\u0069\u0067\u0069\u006e": [
                                -15,
                                -102.89855,
                                414.60662
                            ],
                            "\u0073\u0069\u007a\u0065": [
                                28,
                                32,
                                134
                            ],
                            "\u0069\u006e\u0066\u006c\u0061\u0074\u0065": -6,
                            "\u0070\u0069\u0076\u006f\u0074": [
                                0,
                                -87.23785,
                                418.64725
                            ],
                            "\u0072\u006f\u0074\u0061\u0074\u0069\u006f\u006e": [
                                -35,
                                0,
                                0
                            ],
                            "\u0075\u0076": [
                                0,
                                0
                            ]
                        }
                    ]
                },
                {
                    "\u006e\u0061\u006d\u0065": "\u0074\u0061\u0069\u006c\u0066\u0069\u006e\u0031",
                    "\u0070\u0061\u0072\u0065\u006e\u0074": "\u0062\u006f\u0064\u0079\u0073\u0065\u0063\u0074\u0069\u006f\u006e\u0038",
                    "\u0070\u0069\u0076\u006f\u0074": [
                        -8.2,
                        -137.33886,
                        483.22747
                    ],
                    "\u0063\u0075\u0062\u0065\u0073": [
                        {
                            "\u006f\u0072\u0069\u0067\u0069\u006e": [
                                -55.22337,
                                -137.32397,
                                477.03403
                            ],
                            "\u0073\u0069\u007a\u0065": [
                                59,
                                2,
                                17
                            ],
                            "\u0070\u0069\u0076\u006f\u0074": [
                                -8.2,
                                -137.33886,
                                483.22747
                            ],
                            "\u0072\u006f\u0074\u0061\u0074\u0069\u006f\u006e": [
                                -35,
                                -5,
                                -20
                            ],
                            "\u0075\u0076": [
                                394,
                                221
                            ]
                        },
                        {
                            "\u006f\u0072\u0069\u0067\u0069\u006e": [
                                -100.22566,
                                -140.76726,
                                465.32836
                            ],
                            "\u0073\u0069\u007a\u0065": [
                                59,
                                2,
                                17
                            ],
                            "\u0069\u006e\u0066\u006c\u0061\u0074\u0065": -1,
                            "\u0070\u0069\u0076\u006f\u0074": [
                                -8.2,
                                -137.33886,
                                483.22747
                            ],
                            "\u0072\u006f\u0074\u0061\u0074\u0069\u006f\u006e": [
                                -35,
                                10,
                                -25
                            ],
                            "\u0075\u0076": [
                                337,
                                56
                            ]
                        }
                    ]
                },
                {
                    "\u006e\u0061\u006d\u0065": "\u0074\u0061\u0069\u006c\u0066\u0069\u006e\u0032",
                    "\u0070\u0061\u0072\u0065\u006e\u0074": "\u0062\u006f\u0064\u0079\u0073\u0065\u0063\u0074\u0069\u006f\u006e\u0038",
                    "\u0070\u0069\u0076\u006f\u0074": [
                        0,
                        9.94972,
                        -43.99504
                    ],
                    "\u0063\u0075\u0062\u0065\u0073": [
                        {
                            "\u006f\u0072\u0069\u0067\u0069\u006e": [
                                -0.06697,
                                203.0416,
                                461.96792
                            ],
                            "\u0073\u0069\u007a\u0065": [
                                59,
                                2,
                                17
                            ],
                            "\u0070\u0069\u0076\u006f\u0074": [
                                0,
                                9.94972,
                                -43.99504
                            ],
                            "\u0072\u006f\u0074\u0061\u0074\u0069\u006f\u006e": [
                                -35,
                                5,
                                20
                            ],
                            "\u0075\u0076": [
                                337,
                                37
                            ]
                        },
                        {
                            "\u006f\u0072\u0069\u0067\u0069\u006e": [
                                193.19688,
                                190.88067,
                                428.08702
                            ],
                            "\u0073\u0069\u007a\u0065": [
                                59,
                                2,
                                17
                            ],
                            "\u0069\u006e\u0066\u006c\u0061\u0074\u0065": -1,
                            "\u0070\u0069\u0076\u006f\u0074": [
                                0,
                                9.94972,
                                -43.99504
                            ],
                            "\u0072\u006f\u0074\u0061\u0074\u0069\u006f\u006e": [
                                -35,
                                -10,
                                25
                            ],
                            "\u0075\u0076": [
                                337,
                                18
                            ]
                        }
                    ]
                },
                {
                    "\u006e\u0061\u006d\u0065": "\u0074\u0061\u0069\u006c",
                    "\u0070\u0061\u0072\u0065\u006e\u0074": "\u0062\u006f\u0064\u0079\u0073\u0065\u0063\u0074\u0069\u006f\u006e\u0038",
                    "\u0070\u0069\u0076\u006f\u0074": [
                        0,
                        -151.75028,
                        510.70496
                    ],
                    "\u0072\u006f\u0074\u0061\u0074\u0069\u006f\u006e": [
                        -6,
                        0,
                        0
                    ],
                    "\u0063\u0075\u0062\u0065\u0073": [
                        {
                            "\u006f\u0072\u0069\u0067\u0069\u006e": [
                                -17,
                                -166.74016,
                                505.04001
                            ],
                            "\u0073\u0069\u007a\u0065": [
                                32,
                                29,
                                83
                            ],
                            "\u0069\u006e\u0066\u006c\u0061\u0074\u0065": -7,
                            "\u0070\u0069\u0076\u006f\u0074": [
                                0,
                                -151.75028,
                                510.70496
                            ],
                            "\u0072\u006f\u0074\u0061\u0074\u0069\u006f\u006e": [
                                -30,
                                0,
                                0
                            ],
                            "\u0075\u0076": [
                                190,
                                0
                            ]
                        }
                    ]
                },
                {
                    "\u006e\u0061\u006d\u0065": "\u0066\u0069\u006e\u0033",
                    "\u0070\u0061\u0072\u0065\u006e\u0074": "\u0074\u0061\u0069\u006c",
                    "\u0070\u0069\u0076\u006f\u0074": [
                        0,
                        9.94972,
                        -43.99504
                    ],
                    "\u0063\u0075\u0062\u0065\u0073": [
                        {
                            "\u006f\u0072\u0069\u0067\u0069\u006e": [
                                -193.27765,
                                184.85871,
                                532.24065
                            ],
                            "\u0073\u0069\u007a\u0065": [
                                32,
                                7,
                                22
                            ],
                            "\u0070\u0069\u0076\u006f\u0074": [
                                0,
                                9.94972,
                                -43.99504
                            ],
                            "\u0072\u006f\u0074\u0061\u0074\u0069\u006f\u006e": [
                                -35,
                                15,
                                0
                            ],
                            "\u0075\u0076": [
                                440,
                                458
                            ]
                        },
                        {
                            "\u006f\u0072\u0069\u0067\u0069\u006e": [
                                -406.087,
                                144.69485,
                                466.88038
                            ],
                            "\u0073\u0069\u007a\u0065": [
                                58,
                                3,
                                16
                            ],
                            "\u0070\u0069\u0076\u006f\u0074": [
                                0,
                                9.94972,
                                -43.99504
                            ],
                            "\u0072\u006f\u0074\u0061\u0074\u0069\u006f\u006e": [
                                -35,
                                30,
                                -5
                            ],
                            "\u0075\u0076": [
                                343,
                                403
                            ]
                        },
                        {
                            "\u006f\u0072\u0069\u0067\u0069\u006e": [
                                -546.15124,
                                102.18658,
                                390.70967
                            ],
                            "\u0073\u0069\u007a\u0065": [
                                58,
                                3,
                                14
                            ],
                            "\u0069\u006e\u0066\u006c\u0061\u0074\u0065": -1,
                            "\u0070\u0069\u0076\u006f\u0074": [
                                0,
                                9.94972,
                                -43.99504
                            ],
                            "\u0072\u006f\u0074\u0061\u0074\u0069\u006f\u006e": [
                                -35,
                                40,
                                -10
                            ],
                            "\u0075\u0076": [
                                420,
                                92
                            ]
                        },
                        {
                            "\u006f\u0072\u0069\u0067\u0069\u006e": [
                                -780.58511,
                                -38.35258,
                                58.68314
                            ],
                            "\u0073\u0069\u007a\u0065": [
                                26,
                                5,
                                12
                            ],
                            "\u0069\u006e\u0066\u006c\u0061\u0074\u0065": -2,
                            "\u0070\u0069\u0076\u006f\u0074": [
                                0,
                                9.94972,
                                -43.99504
                            ],
                            "\u0072\u006f\u0074\u0061\u0074\u0069\u006f\u006e": [
                                -50,
                                70,
                                -30
                            ],
                            "\u0075\u0076": [
                                190,
                                59
                            ]
                        },
                        {
                            "\u006f\u0072\u0069\u0067\u0069\u006e": [
                                -751.32051,
                                -7.76461,
                                120.53648
                            ],
                            "\u0073\u0069\u007a\u0065": [
                                69,
                                5,
                                13
                            ],
                            "\u0069\u006e\u0066\u006c\u0061\u0074\u0065": -2,
                            "\u0070\u0069\u0076\u006f\u0074": [
                                0,
                                9.94972,
                                -43.99504
                            ],
                            "\u0072\u006f\u0074\u0061\u0074\u0069\u006f\u006e": [
                                -45,
                                65,
                                -25
                            ],
                            "\u0075\u0076": [
                                337,
                                0
                            ]
                        }
                    ]
                },
                {
                    "\u006e\u0061\u006d\u0065": "\u0066\u0069\u006e\u0034",
                    "\u0070\u0061\u0072\u0065\u006e\u0074": "\u0074\u0061\u0069\u006c",
                    "\u0070\u0069\u0076\u006f\u0074": [
                        0,
                        9.94972,
                        -43.99504
                    ],
                    "\u0063\u0075\u0062\u0065\u0073": [
                        {
                            "\u006f\u0072\u0069\u0067\u0069\u006e": [
                                161.27765,
                                184.85871,
                                532.24065
                            ],
                            "\u0073\u0069\u007a\u0065": [
                                32,
                                7,
                                22
                            ],
                            "\u0070\u0069\u0076\u006f\u0074": [
                                0,
                                9.94972,
                                -43.99504
                            ],
                            "\u0072\u006f\u0074\u0061\u0074\u0069\u006f\u006e": [
                                -35,
                                -15,
                                0
                            ],
                            "\u0075\u0076": [
                                451,
                                423
                            ]
                        },
                        {
                            "\u006f\u0072\u0069\u0067\u0069\u006e": [
                                348.087,
                                144.69485,
                                466.88038
                            ],
                            "\u0073\u0069\u007a\u0065": [
                                58,
                                3,
                                16
                            ],
                            "\u0070\u0069\u0076\u006f\u0074": [
                                0,
                                9.94972,
                                -43.99504
                            ],
                            "\u0072\u006f\u0074\u0061\u0074\u0069\u006f\u006e": [
                                -35,
                                -30,
                                5
                            ],
                            "\u0075\u0076": [
                                394,
                                240
                            ]
                        },
                        {
                            "\u006f\u0072\u0069\u0067\u0069\u006e": [
                                488.15124,
                                102.18658,
                                390.70967
                            ],
                            "\u0073\u0069\u007a\u0065": [
                                58,
                                3,
                                14
                            ],
                            "\u0069\u006e\u0066\u006c\u0061\u0074\u0065": -1,
                            "\u0070\u0069\u0076\u006f\u0074": [
                                0,
                                9.94972,
                                -43.99504
                            ],
                            "\u0072\u006f\u0074\u0061\u0074\u0069\u006f\u006e": [
                                -35,
                                -40,
                                10
                            ],
                            "\u0075\u0076": [
                                420,
                                75
                            ]
                        },
                        {
                            "\u006f\u0072\u0069\u0067\u0069\u006e": [
                                682.32051,
                                -7.76461,
                                120.53648
                            ],
                            "\u0073\u0069\u007a\u0065": [
                                69,
                                5,
                                13
                            ],
                            "\u0069\u006e\u0066\u006c\u0061\u0074\u0065": -2,
                            "\u0070\u0069\u0076\u006f\u0074": [
                                0,
                                9.94972,
                                -43.99504
                            ],
                            "\u0072\u006f\u0074\u0061\u0074\u0069\u006f\u006e": [
                                -45,
                                -65,
                                25
                            ],
                            "\u0075\u0076": [
                                190,
                                112
                            ]
                        },
                        {
                            "\u006f\u0072\u0069\u0067\u0069\u006e": [
                                754.58511,
                                -38.35258,
                                58.68314
                            ],
                            "\u0073\u0069\u007a\u0065": [
                                26,
                                5,
                                12
                            ],
                            "\u0069\u006e\u0066\u006c\u0061\u0074\u0065": -2,
                            "\u0070\u0069\u0076\u006f\u0074": [
                                0,
                                9.94972,
                                -43.99504
                            ],
                            "\u0072\u006f\u0074\u0061\u0074\u0069\u006f\u006e": [
                                -50,
                                -70,
                                30
                            ],
                            "\u0075\u0076": [
                                190,
                                42
                            ]
                        }
                    ]
                },
                {
                    "\u006e\u0061\u006d\u0065": "\u0068\u0065\u0061\u0064",
                    "\u0070\u0061\u0072\u0065\u006e\u0074": "\u0072\u0065\u0061\u0070\u0065\u0072",
                    "\u0070\u0069\u0076\u006f\u0074": [
                        0,
                        23,
                        -23
                    ],
                    "\u0063\u0075\u0062\u0065\u0073": [
                        {
                            "\u006f\u0072\u0069\u0067\u0069\u006e": [
                                -14.1,
                                20,
                                -55
                            ],
                            "\u0073\u0069\u007a\u0065": [
                                26,
                                22,
                                14
                            ],
                            "\u0069\u006e\u0066\u006c\u0061\u0074\u0065": 3,
                            "\u0075\u0076": [
                                146,
                                182
                            ]
                        },
                        {
                            "\u006f\u0072\u0069\u0067\u0069\u006e": [
                                -13.9,
                                44.24054,
                                -54.19211
                            ],
                            "\u0073\u0069\u007a\u0065": [
                                26,
                                7,
                                9
                            ],
                            "\u0069\u006e\u0066\u006c\u0061\u0074\u0065": 3,
                            "\u0070\u0069\u0076\u006f\u0074": [
                                0,
                                23,
                                -23
                            ],
                            "\u0072\u006f\u0074\u0061\u0074\u0069\u006f\u006e": [
                                25,
                                0,
                                0
                            ],
                            "\u0075\u0076": [
                                0,
                                278
                            ]
                        },
                        {
                            "\u006f\u0072\u0069\u0067\u0069\u006e": [
                                -11,
                                19.23972,
                                -35.58338
                            ],
                            "\u0073\u0069\u007a\u0065": [
                                20,
                                14,
                                24
                            ],
                            "\u0069\u006e\u0066\u006c\u0061\u0074\u0065": 5,
                            "\u0070\u0069\u0076\u006f\u0074": [
                                0,
                                23,
                                -23
                            ],
                            "\u0072\u006f\u0074\u0061\u0074\u0069\u006f\u006e": [
                                -15,
                                0,
                                0
                            ],
                            "\u0075\u0076": [
                                210,
                                465
                            ]
                        },
                        {
                            "\u006f\u0072\u0069\u0067\u0069\u006e": [
                                -14,
                                24.80844,
                                -62.60383
                            ],
                            "\u0073\u0069\u007a\u0065": [
                                26,
                                7,
                                9
                            ],
                            "\u0069\u006e\u0066\u006c\u0061\u0074\u0065": 3,
                            "\u0075\u0076": [
                                0,
                                278
                            ]
                        },
                        {
                            "\u006f\u0072\u0069\u0067\u0069\u006e": [
                                -14,
                                54.50156,
                                -50.71924
                            ],
                            "\u0073\u0069\u007a\u0065": [
                                26,
                                7,
                                9
                            ],
                            "\u0069\u006e\u0066\u006c\u0061\u0074\u0065": 3,
                            "\u0070\u0069\u0076\u006f\u0074": [
                                0,
                                23,
                                -23
                            ],
                            "\u0072\u006f\u0074\u0061\u0074\u0069\u006f\u006e": [
                                35,
                                0,
                                0
                            ],
                            "\u0075\u0076": [
                                0,
                                278
                            ]
                        },
                        {
                            "\u006f\u0072\u0069\u0067\u0069\u006e": [
                                -11,
                                24.83688,
                                -35.23903
                            ],
                            "\u0073\u0069\u007a\u0065": [
                                20,
                                14,
                                24
                            ],
                            "\u0069\u006e\u0066\u006c\u0061\u0074\u0065": 5,
                            "\u0075\u0076": [
                                266,
                                310
                            ]
                        },
                        {
                            "\u006f\u0072\u0069\u0067\u0069\u006e": [
                                -15,
                                32.58042,
                                -57.70701
                            ],
                            "\u0073\u0069\u007a\u0065": [
                                28,
                                10,
                                34
                            ],
                            "\u0069\u006e\u0066\u006c\u0061\u0074\u0065": 3,
                            "\u0070\u0069\u0076\u006f\u0074": [
                                0,
                                23,
                                -23
                            ],
                            "\u0072\u006f\u0074\u0061\u0074\u0069\u006f\u006e": [
                                -20,
                                0,
                                0
                            ],
                            "\u0075\u0076": [
                                0,
                                0
                            ]
                        }
                    ]
                },
                {
                    "\u006e\u0061\u006d\u0065": "\u0063\u006c\u0061\u0077",
                    "\u0070\u0061\u0072\u0065\u006e\u0074": "\u0068\u0065\u0061\u0064",
                    "\u0070\u0069\u0076\u006f\u0074": [
                        -12,
                        45,
                        -39
                    ],
                    "\u0063\u0075\u0062\u0065\u0073": [
                        {
                            "\u006f\u0072\u0069\u0067\u0069\u006e": [
                                -68.57201,
                                37.72791,
                                -46.7888
                            ],
                            "\u0073\u0069\u007a\u0065": [
                                53,
                                9,
                                11
                            ],
                            "\u0070\u0069\u0076\u006f\u0074": [
                                -12,
                                45,
                                -39
                            ],
                            "\u0072\u006f\u0074\u0061\u0074\u0069\u006f\u006e": [
                                -25,
                                0,
                                15
                            ],
                            "\u0075\u0076": [
                                250,
                                445
                            ]
                        }
                    ]
                },
                {
                    "\u006e\u0061\u006d\u0065": "\u006a\u006f\u0069\u006e\u0074\u0032",
                    "\u0070\u0061\u0072\u0065\u006e\u0074": "\u0063\u006c\u0061\u0077",
                    "\u0070\u0069\u0076\u006f\u0074": [
                        -61,
                        57,
                        -41
                    ],
                    "\u0072\u006f\u0074\u0061\u0074\u0069\u006f\u006e": [
                        0,
                        20,
                        0
                    ],
                    "\u0063\u0075\u0062\u0065\u0073": [
                        {
                            "\u006f\u0072\u0069\u0067\u0069\u006e": [
                                -130.69071,
                                57.45246,
                                -2.59704
                            ],
                            "\u0073\u0069\u007a\u0065": [
                                53,
                                11,
                                12
                            ],
                            "\u0069\u006e\u0066\u006c\u0061\u0074\u0065": -3,
                            "\u0070\u0069\u0076\u006f\u0074": [
                                -61,
                                57,
                                -41
                            ],
                            "\u0072\u006f\u0074\u0061\u0074\u0069\u006f\u006e": [
                                -5,
                                -145,
                                20
                            ],
                            "\u0075\u0076": [
                                427,
                                278
                            ]
                        },
                        {
                            "\u006f\u0072\u0069\u0067\u0069\u006e": [
                                -112.00064,
                                52.6043,
                                -46.58172
                            ],
                            "\u0073\u0069\u007a\u0065": [
                                53,
                                11,
                                12
                            ],
                            "\u0069\u006e\u0066\u006c\u0061\u0074\u0065": -1,
                            "\u0070\u0069\u0076\u006f\u0074": [
                                -61,
                                57,
                                -41
                            ],
                            "\u0072\u006f\u0074\u0061\u0074\u0069\u006f\u006e": [
                                -5,
                                -85,
                                20
                            ],
                            "\u0075\u0076": [
                                427,
                                301
                            ]
                        }
                    ]
                },
                {
                    "\u006e\u0061\u006d\u0065": "\u0063\u006c\u0061\u0077\u0032",
                    "\u0070\u0061\u0072\u0065\u006e\u0074": "\u0068\u0065\u0061\u0064",
                    "\u0070\u0069\u0076\u006f\u0074": [
                        16,
                        41,
                        -41
                    ],
                    "\u0063\u0075\u0062\u0065\u0073": [
                        {
                            "\u006f\u0072\u0069\u0067\u0069\u006e": [
                                16.74358,
                                39.01313,
                                -49.04658
                            ],
                            "\u0073\u0069\u007a\u0065": [
                                53,
                                9,
                                11
                            ],
                            "\u0070\u0069\u0076\u006f\u0074": [
                                16,
                                41,
                                -41
                            ],
                            "\u0072\u006f\u0074\u0061\u0074\u0069\u006f\u006e": [
                                -25,
                                0,
                                -15
                            ],
                            "\u0075\u0076": [
                                133,
                                435
                            ]
                        }
                    ]
                },
                {
                    "\u006e\u0061\u006d\u0065": "\u006a\u006f\u0069\u006e\u0074\u0033",
                    "\u0070\u0061\u0072\u0065\u006e\u0074": "\u0063\u006c\u0061\u0077\u0032",
                    "\u0070\u0069\u0076\u006f\u0074": [
                        61,
                        57,
                        -41
                    ],
                    "\u0072\u006f\u0074\u0061\u0074\u0069\u006f\u006e": [
                        0,
                        -20,
                        0
                    ],
                    "\u0063\u0075\u0062\u0065\u0073": [
                        {
                            "\u006f\u0072\u0069\u0067\u0069\u006e": [
                                77.69071,
                                57.45246,
                                -2.59704
                            ],
                            "\u0073\u0069\u007a\u0065": [
                                53,
                                11,
                                12
                            ],
                            "\u0069\u006e\u0066\u006c\u0061\u0074\u0065": -3,
                            "\u0070\u0069\u0076\u006f\u0074": [
                                61,
                                57,
                                -41
                            ],
                            "\u0072\u006f\u0074\u0061\u0074\u0069\u006f\u006e": [
                                -5,
                                145,
                                -20
                            ],
                            "\u0075\u0076": [
                                343,
                                422
                            ]
                        },
                        {
                            "\u006f\u0072\u0069\u0067\u0069\u006e": [
                                59.00064,
                                52.6043,
                                -46.58172
                            ],
                            "\u0073\u0069\u007a\u0065": [
                                53,
                                11,
                                12
                            ],
                            "\u0069\u006e\u0066\u006c\u0061\u0074\u0065": -1,
                            "\u0070\u0069\u0076\u006f\u0074": [
                                61,
                                57,
                                -41
                            ],
                            "\u0072\u006f\u0074\u0061\u0074\u0069\u006f\u006e": [
                                -5,
                                85,
                                -20
                            ],
                            "\u0075\u0076": [
                                421,
                                155
                            ]
                        }
                    ]
                },
                {
                    "\u006e\u0061\u006d\u0065": "\u0063\u006c\u0061\u0077\u0033",
                    "\u0070\u0061\u0072\u0065\u006e\u0074": "\u0068\u0065\u0061\u0064",
                    "\u0070\u0069\u0076\u006f\u0074": [
                        -18,
                        30,
                        -36
                    ],
                    "\u0063\u0075\u0062\u0065\u0073": [
                        {
                            "\u006f\u0072\u0069\u0067\u0069\u006e": [
                                -69.55291,
                                25.50624,
                                -48.38867
                            ],
                            "\u0073\u0069\u007a\u0065": [
                                53,
                                9,
                                11
                            ],
                            "\u0070\u0069\u0076\u006f\u0074": [
                                -18,
                                30,
                                -36
                            ],
                            "\u0072\u006f\u0074\u0061\u0074\u0069\u006f\u006e": [
                                25,
                                0,
                                -15
                            ],
                            "\u0075\u0076": [
                                427,
                                344
                            ]
                        }
                    ]
                },
                {
                    "\u006e\u0061\u006d\u0065": "\u006a\u006f\u0069\u006e\u0074\u0034",
                    "\u0070\u0061\u0072\u0065\u006e\u0074": "\u0063\u006c\u0061\u0077\u0033",
                    "\u0070\u0069\u0076\u006f\u0074": [
                        -61,
                        15,
                        -41
                    ],
                    "\u0072\u006f\u0074\u0061\u0074\u0069\u006f\u006e": [
                        0,
                        20,
                        0
                    ],
                    "\u0063\u0075\u0062\u0065\u0073": [
                        {
                            "\u006f\u0072\u0069\u0067\u0069\u006e": [
                                -130.69071,
                                3.54754,
                                -2.59704
                            ],
                            "\u0073\u0069\u007a\u0065": [
                                53,
                                11,
                                12
                            ],
                            "\u0069\u006e\u0066\u006c\u0061\u0074\u0065": -3,
                            "\u0070\u0069\u0076\u006f\u0074": [
                                -61,
                                15,
                                -41
                            ],
                            "\u0072\u006f\u0074\u0061\u0074\u0069\u006f\u006e": [
                                5,
                                -145,
                                -20
                            ],
                            "\u0075\u0076": [
                                421,
                                132
                            ]
                        },
                        {
                            "\u006f\u0072\u0069\u0067\u0069\u006e": [
                                -112.00064,
                                8.3957,
                                -46.58172
                            ],
                            "\u0073\u0069\u007a\u0065": [
                                53,
                                11,
                                12
                            ],
                            "\u0069\u006e\u0066\u006c\u0061\u0074\u0065": -1,
                            "\u0070\u0069\u0076\u006f\u0074": [
                                -61,
                                15,
                                -41
                            ],
                            "\u0072\u006f\u0074\u0061\u0074\u0069\u006f\u006e": [
                                5,
                                -85,
                                -20
                            ],
                            "\u0075\u0076": [
                                421,
                                109
                            ]
                        }
                    ]
                },
                {
                    "\u006e\u0061\u006d\u0065": "\u0063\u006c\u0061\u0077\u0034",
                    "\u0070\u0061\u0072\u0065\u006e\u0074": "\u0068\u0065\u0061\u0064",
                    "\u0070\u0069\u0076\u006f\u0074": [
                        13,
                        23,
                        -40
                    ],
                    "\u0063\u0075\u0062\u0065\u0073": [
                        {
                            "\u006f\u0072\u0069\u0067\u0069\u006e": [
                                14.57081,
                                24.1166,
                                -45.359
                            ],
                            "\u0073\u0069\u007a\u0065": [
                                53,
                                9,
                                11
                            ],
                            "\u0070\u0069\u0076\u006f\u0074": [
                                13,
                                23,
                                -40
                            ],
                            "\u0072\u006f\u0074\u0061\u0074\u0069\u006f\u006e": [
                                25,
                                0,
                                15
                            ],
                            "\u0075\u0076": [
                                427,
                                324
                            ]
                        }
                    ]
                },
                {
                    "\u006e\u0061\u006d\u0065": "\u006a\u006f\u0069\u006e\u0074\u0035",
                    "\u0070\u0061\u0072\u0065\u006e\u0074": "\u0063\u006c\u0061\u0077\u0034",
                    "\u0070\u0069\u0076\u006f\u0074": [
                        61,
                        15,
                        -41
                    ],
                    "\u0072\u006f\u0074\u0061\u0074\u0069\u006f\u006e": [
                        0,
                        -20,
                        0
                    ],
                    "\u0063\u0075\u0062\u0065\u0073": [
                        {
                            "\u006f\u0072\u0069\u0067\u0069\u006e": [
                                77.69071,
                                3.54754,
                                -2.59704
                            ],
                            "\u0073\u0069\u007a\u0065": [
                                53,
                                11,
                                12
                            ],
                            "\u0069\u006e\u0066\u006c\u0061\u0074\u0065": -3,
                            "\u0070\u0069\u0076\u006f\u0074": [
                                61,
                                15,
                                -41
                            ],
                            "\u0072\u006f\u0074\u0061\u0074\u0069\u006f\u006e": [
                                5,
                                145,
                                20
                            ],
                            "\u0075\u0076": [
                                0,
                                108
                            ]
                        },
                        {
                            "\u006f\u0072\u0069\u0067\u0069\u006e": [
                                59.00064,
                                8.3957,
                                -46.58172
                            ],
                            "\u0073\u0069\u007a\u0065": [
                                53,
                                11,
                                12
                            ],
                            "\u0069\u006e\u0066\u006c\u0061\u0074\u0065": -1,
                            "\u0070\u0069\u0076\u006f\u0074": [
                                61,
                                15,
                                -41
                            ],
                            "\u0072\u006f\u0074\u0061\u0074\u0069\u006f\u006e": [
                                5,
                                85,
                                20
                            ],
                            "\u0075\u0076": [
                                0,
                                85
                            ]
                        }
                    ]
                },
                {
                    "\u006e\u0061\u006d\u0065": "\u0066\u0075\u006c\u006c\u0062\u006f\u0074\u0074\u006f\u006d\u006a\u0061\u0077",
                    "\u0070\u0061\u0072\u0065\u006e\u0074": "\u0068\u0065\u0061\u0064",
                    "\u0070\u0069\u0076\u006f\u0074": [
                        0,
                        18,
                        -51
                    ]
                },
                {
                    "\u006e\u0061\u006d\u0065": "\u0062\u006f\u0074\u0074\u006f\u006d\u006a\u0061\u0077",
                    "\u0070\u0061\u0072\u0065\u006e\u0074": "\u0066\u0075\u006c\u006c\u0062\u006f\u0074\u0074\u006f\u006d\u006a\u0061\u0077",
                    "\u0070\u0069\u0076\u006f\u0074": [
                        0,
                        0,
                        0
                    ],
                    "\u0063\u0075\u0062\u0065\u0073": [
                        {
                            "\u006f\u0072\u0069\u0067\u0069\u006e": [
                                8.74602,
                                40.70601,
                                -50.95836
                            ],
                            "\u0073\u0069\u007a\u0065": [
                                12,
                                4,
                                17
                            ],
                            "\u0069\u006e\u0066\u006c\u0061\u0074\u0065": 3,
                            "\u0072\u006f\u0074\u0061\u0074\u0069\u006f\u006e": [
                                25,
                                10,
                                0
                            ],
                            "\u0075\u0076": [
                                0,
                                387
                            ]
                        },
                        {
                            "\u006f\u0072\u0069\u0067\u0069\u006e": [
                                -8.95046,
                                41.47294,
                                -59.45854
                            ],
                            "\u0073\u0069\u007a\u0065": [
                                16,
                                4,
                                2
                            ],
                            "\u0069\u006e\u0066\u006c\u0061\u0074\u0065": 3,
                            "\u0072\u006f\u0074\u0061\u0074\u0069\u006f\u006e": [
                                25,
                                0,
                                0
                            ],
                            "\u0075\u0076": [
                                0,
                                50
                            ]
                        },
                        {
                            "\u006f\u0072\u0069\u0067\u0069\u006e": [
                                -22.74602,
                                40.70601,
                                -50.95836
                            ],
                            "\u0073\u0069\u007a\u0065": [
                                12,
                                4,
                                17
                            ],
                            "\u0069\u006e\u0066\u006c\u0061\u0074\u0065": 3,
                            "\u0072\u006f\u0074\u0061\u0074\u0069\u006f\u006e": [
                                25,
                                -10,
                                0
                            ],
                            "\u0075\u0076": [
                                133,
                                322
                            ]
                        }
                    ]
                },
                {
                    "\u006e\u0061\u006d\u0065": "\u0062\u006f\u0074\u0074\u006f\u006d\u006a\u0061\u0077\u0032",
                    "\u0070\u0061\u0072\u0065\u006e\u0074": "\u0066\u0075\u006c\u006c\u0062\u006f\u0074\u0074\u006f\u006d\u006a\u0061\u0077",
                    "\u0070\u0069\u0076\u006f\u0074": [
                        0,
                        1,
                        -1
                    ],
                    "\u0063\u0075\u0062\u0065\u0073": [
                        {
                            "\u006f\u0072\u0069\u0067\u0069\u006e": [
                                8.74602,
                                41.70601,
                                -51.95836
                            ],
                            "\u0073\u0069\u007a\u0065": [
                                12,
                                4,
                                17
                            ],
                            "\u0069\u006e\u0066\u006c\u0061\u0074\u0065": 3,
                            "\u0070\u0069\u0076\u006f\u0074": [
                                0,
                                1,
                                -1
                            ],
                            "\u0072\u006f\u0074\u0061\u0074\u0069\u006f\u006e": [
                                25,
                                10,
                                0
                            ],
                            "\u0075\u0076": [
                                0,
                                315
                            ]
                        },
                        {
                            "\u006f\u0072\u0069\u0067\u0069\u006e": [
                                -8.95046,
                                42.47294,
                                -60.45854
                            ],
                            "\u0073\u0069\u007a\u0065": [
                                16,
                                4,
                                2
                            ],
                            "\u0069\u006e\u0066\u006c\u0061\u0074\u0065": 3,
                            "\u0070\u0069\u0076\u006f\u0074": [
                                0,
                                1,
                                -1
                            ],
                            "\u0072\u006f\u0074\u0061\u0074\u0069\u006f\u006e": [
                                25,
                                0,
                                0
                            ],
                            "\u0075\u0076": [
                                0,
                                44
                            ]
                        },
                        {
                            "\u006f\u0072\u0069\u0067\u0069\u006e": [
                                -22.74602,
                                41.70601,
                                -51.95836
                            ],
                            "\u0073\u0069\u007a\u0065": [
                                12,
                                4,
                                17
                            ],
                            "\u0069\u006e\u0066\u006c\u0061\u0074\u0065": 3,
                            "\u0070\u0069\u0076\u006f\u0074": [
                                0,
                                1,
                                -1
                            ],
                            "\u0072\u006f\u0074\u0061\u0074\u0069\u006f\u006e": [
                                25,
                                -10,
                                0
                            ],
                            "\u0075\u0076": [
                                0,
                                294
                            ]
                        }
                    ]
                },
                {
                    "\u006e\u0061\u006d\u0065": "\u0063\u0068\u0069\u006e",
                    "\u0070\u0061\u0072\u0065\u006e\u0074": "\u0062\u006f\u0074\u0074\u006f\u006d\u006a\u0061\u0077\u0032",
                    "\u0070\u0069\u0076\u006f\u0074": [
                        0,
                        9,
                        -75
                    ],
                    "\u0072\u006f\u0074\u0061\u0074\u0069\u006f\u006e": [
                        20,
                        0,
                        0
                    ],
                    "\u0063\u0075\u0062\u0065\u0073": [
                        {
                            "\u006f\u0072\u0069\u0067\u0069\u006e": [
                                2.97219,
                                8.04546,
                                -74.57824
                            ],
                            "\u0073\u0069\u007a\u0065": [
                                4,
                                1,
                                0
                            ],
                            "\u0069\u006e\u0066\u006c\u0061\u0074\u0065": 3,
                            "\u0070\u0069\u0076\u006f\u0074": [
                                0,
                                9,
                                -75
                            ],
                            "\u0072\u006f\u0074\u0061\u0074\u0069\u006f\u006e": [
                                25,
                                0,
                                -10
                            ],
                            "\u0075\u0076": [
                                0,
                                2
                            ]
                        },
                        {
                            "\u006f\u0072\u0069\u0067\u0069\u006e": [
                                -2.4613,
                                8.89315,
                                -78.4617
                            ],
                            "\u0073\u0069\u007a\u0065": [
                                4,
                                1,
                                0
                            ],
                            "\u0069\u006e\u0066\u006c\u0061\u0074\u0065": 3,
                            "\u0070\u0069\u0076\u006f\u0074": [
                                0,
                                9,
                                -75
                            ],
                            "\u0072\u006f\u0074\u0061\u0074\u0069\u006f\u006e": [
                                50,
                                0,
                                0
                            ],
                            "\u0075\u0076": [
                                0,
                                0
                            ]
                        },
                        {
                            "\u006f\u0072\u0069\u0067\u0069\u006e": [
                                -7.97219,
                                8.04546,
                                -74.57824
                            ],
                            "\u0073\u0069\u007a\u0065": [
                                4,
                                1,
                                0
                            ],
                            "\u0069\u006e\u0066\u006c\u0061\u0074\u0065": 3,
                            "\u0070\u0069\u0076\u006f\u0074": [
                                0,
                                9,
                                -75
                            ],
                            "\u0072\u006f\u0074\u0061\u0074\u0069\u006f\u006e": [
                                25,
                                0,
                                10
                            ],
                            "\u0075\u0076": [
                                0,
                                2
                            ]
                        }
                    ]
                },
                {
                    "\u006e\u0061\u006d\u0065": "\u0074\u006f\u0070\u006a\u0061\u0077",
                    "\u0070\u0061\u0072\u0065\u006e\u0074": "\u0068\u0065\u0061\u0064",
                    "\u0070\u0069\u0076\u006f\u0074": [
                        0,
                        43,
                        -49
                    ],
                    "\u0063\u0075\u0062\u0065\u0073": [
                        {
                            "\u006f\u0072\u0069\u0067\u0069\u006e": [
                                -14.9,
                                47.12631,
                                -76.08047
                            ],
                            "\u0073\u0069\u007a\u0065": [
                                28,
                                7,
                                28
                            ],
                            "\u0069\u006e\u0066\u006c\u0061\u0074\u0065": 3,
                            "\u0070\u0069\u0076\u006f\u0074": [
                                0,
                                43,
                                -49
                            ],
                            "\u0072\u006f\u0074\u0061\u0074\u0069\u006f\u006e": [
                                25,
                                0,
                                0
                            ],
                            "\u0075\u0076": [
                                350,
                                445
                            ]
                        },
                        {
                            "\u006f\u0072\u0069\u0067\u0069\u006e": [
                                -13,
                                47.12631,
                                -80.08047
                            ],
                            "\u0073\u0069\u007a\u0065": [
                                24,
                                6,
                                3
                            ],
                            "\u0069\u006e\u0066\u006c\u0061\u0074\u0065": 3,
                            "\u0070\u0069\u0076\u006f\u0074": [
                                0,
                                43,
                                -49
                            ],
                            "\u0072\u006f\u0074\u0061\u0074\u0069\u006f\u006e": [
                                25,
                                0,
                                0
                            ],
                            "\u0075\u0076": [
                                212,
                                182
                            ]
                        }
                    ]
                },
                {
                    "\u006e\u0061\u006d\u0065": "\u0068\u006f\u0072\u006e",
                    "\u0070\u0061\u0072\u0065\u006e\u0074": "\u0074\u006f\u0070\u006a\u0061\u0077",
                    "\u0070\u0069\u0076\u006f\u0074": [
                        0,
                        -2,
                        -10
                    ],
                    "\u0063\u0075\u0062\u0065\u0073": [
                        {
                            "\u006f\u0072\u0069\u0067\u0069\u006e": [
                                -11,
                                69.89821,
                                -0.62522
                            ],
                            "\u0073\u0069\u007a\u0065": [
                                19,
                                32,
                                10
                            ],
                            "\u0070\u0069\u0076\u006f\u0074": [
                                0,
                                -2,
                                -10
                            ],
                            "\u0072\u006f\u0074\u0061\u0074\u0069\u006f\u006e": [
                                60,
                                0,
                                0
                            ],
                            "\u0075\u0076": [
                                190,
                                0
                            ]
                        },
                        {
                            "\u006f\u0072\u0069\u0067\u0069\u006e": [
                                -10,
                                77.58293,
                                -38.01582
                            ],
                            "\u0073\u0069\u007a\u0065": [
                                17,
                                49,
                                11
                            ],
                            "\u0070\u0069\u0076\u006f\u0074": [
                                0,
                                -2,
                                -10
                            ],
                            "\u0072\u006f\u0074\u0061\u0074\u0069\u006f\u006e": [
                                40,
                                0,
                                0
                            ],
                            "\u0075\u0076": [
                                0,
                                166
                            ]
                        }
                    ]
                }
            ]
        }
    ]
}