{
    "\u0066\u006f\u0072\u006d\u0061\u0074\u005f\u0076\u0065\u0072\u0073\u0069\u006f\u006e": "\u0031\u002e\u0031\u0030\u002e\u0030",
    "\u0067\u0065\u006f\u006d\u0065\u0074\u0072\u0079\u002e\u0073\u0065\u0061\u006d\u006f\u0074\u0068\u005f\u0066\u0072\u0061\u0067\u006d\u0065\u006e\u0074\u005f\u0074\u0068\u0072\u0065\u0065": {
        "\u0074\u0065\u0078\u0074\u0075\u0072\u0065\u0077\u0069\u0064\u0074\u0068": 512,
        "\u0074\u0065\u0078\u0074\u0075\u0072\u0065\u0068\u0065\u0069\u0067\u0068\u0074": 512,
        "\u0076\u0069\u0073\u0069\u0062\u006c\u0065\u005f\u0062\u006f\u0075\u006e\u0064\u0073\u005f\u0077\u0069\u0064\u0074\u0068": 4,
        "\u0076\u0069\u0073\u0069\u0062\u006c\u0065\u005f\u0062\u006f\u0075\u006e\u0064\u0073\u005f\u0068\u0065\u0069\u0067\u0068\u0074": 1,
        "\u0076\u0069\u0073\u0069\u0062\u006c\u0065\u005f\u0062\u006f\u0075\u006e\u0064\u0073\u005f\u006f\u0066\u0066\u0073\u0065\u0074": [
            0,
            0.5,
            0
        ],
        "\u0062\u006f\u006e\u0065\u0073": [
            {
                "\u006e\u0061\u006d\u0065": "\u0073\u0065\u0061\u006d\u006f\u0074\u0068",
                "\u0070\u0069\u0076\u006f\u0074": [
                    0,
                    0,
                    -10
                ]
            },
            {
                "\u006e\u0061\u006d\u0065": "\u0073\u0069\u0064\u0061\u0044\u0032",
                "\u0070\u0061\u0072\u0065\u006e\u0074": "\u0073\u0065\u0061\u006d\u006f\u0074\u0068",
                "\u0070\u0069\u0076\u006f\u0074": [
                    0,
                    0,
                    -10
                ],
                "\u0072\u006f\u0074\u0061\u0074\u0069\u006f\u006e": [
                    0,
                    -45,
                    0
                ],
                "\u0063\u0075\u0062\u0065\u0073": [
                    {
                        "\u006f\u0072\u0069\u0067\u0069\u006e": [
                            -22.6967,
                            3.1,
                            -12.1
                        ],
                        "\u0073\u0069\u007a\u0065": [
                            13,
                            10,
                            13.5
                        ],
                        "\u0075\u0076": [
                            153,
                            194
                        ]
                    },
                    {
                        "\u006f\u0072\u0069\u0067\u0069\u006e": [
                            -15.66,
                            13.1,
                            -9.5
                        ],
                        "\u0073\u0069\u007a\u0065": [
                            7,
                            1,
                            9.5
                        ],
                        "\u0075\u0076": [
                            0,
                            22
                        ]
                    },
                    {
                        "\u006f\u0072\u0069\u0067\u0069\u006e": [
                            -24.7,
                            4.1,
                            -12.6
                        ],
                        "\u0073\u0069\u007a\u0065": [
                            15,
                            8,
                            16
                        ],
                        "\u0075\u0076": [
                            130,
                            86
                        ]
                    }
                ]
            },
            {
                "\u006e\u0061\u006d\u0065": "\u0073\u0069\u0064\u0065\u0043\u0032",
                "\u0070\u0061\u0072\u0065\u006e\u0074": "\u0073\u0065\u0061\u006d\u006f\u0074\u0068",
                "\u0070\u0069\u0076\u006f\u0074": [
                    0,
                    0,
                    -10
                ],
                "\u0072\u006f\u0074\u0061\u0074\u0069\u006f\u006e": [
                    0,
                    60,
                    0
                ],
                "\u0063\u0075\u0062\u0065\u0073": [
                    {
                        "\u006f\u0072\u0069\u0067\u0069\u006e": [
                            -27.3,
                            3,
                            -16.6
                        ],
                        "\u0073\u0069\u007a\u0065": [
                            13,
                            10,
                            11.5
                        ],
                        "\u0075\u0076": [
                            48,
                            204
                        ]
                    },
                    {
                        "\u006f\u0072\u0069\u0067\u0069\u006e": [
                            -30.75,
                            4.1,
                            -17.1
                        ],
                        "\u0073\u0069\u007a\u0065": [
                            14,
                            8,
                            14
                        ],
                        "\u0075\u0076": [
                            0,
                            180
                        ]
                    }
                ]
            },
            {
                "\u006e\u0061\u006d\u0065": "\u0073\u0069\u0064\u0061\u0042\u0032",
                "\u0070\u0061\u0072\u0065\u006e\u0074": "\u0073\u0065\u0061\u006d\u006f\u0074\u0068",
                "\u0070\u0069\u0076\u006f\u0074": [
                    0,
                    0,
                    -10
                ],
                "\u0072\u006f\u0074\u0061\u0074\u0069\u006f\u006e": [
                    0,
                    20,
                    0
                ],
                "\u0063\u0075\u0062\u0065\u0073": [
                    {
                        "\u006f\u0072\u0069\u0067\u0069\u006e": [
                            -28.12,
                            4,
                            -11.67
                        ],
                        "\u0073\u0069\u007a\u0065": [
                            15,
                            8,
                            16
                        ],
                        "\u0075\u0076": [
                            64,
                            132
                        ]
                    },
                    {
                        "\u006f\u0072\u0069\u0067\u0069\u006e": [
                            -25.15,
                            3.1,
                            -11.5
                        ],
                        "\u0073\u0069\u007a\u0065": [
                            13,
                            10,
                            14
                        ],
                        "\u0075\u0076": [
                            56,
                            180
                        ]
                    },
                    {
                        "\u006f\u0072\u0069\u0067\u0069\u006e": [
                            -19.15,
                            13.1,
                            -10.5
                        ],
                        "\u0073\u0069\u007a\u0065": [
                            7,
                            1,
                            16
                        ],
                        "\u0075\u0076": [
                            196,
                            162
                        ]
                    }
                ]
            },
            {
                "\u006e\u0061\u006d\u0065": "\u0073\u0069\u0064\u0065\u0041\u0032",
                "\u0070\u0061\u0072\u0065\u006e\u0074": "\u0073\u0065\u0061\u006d\u006f\u0074\u0068",
                "\u0070\u0069\u0076\u006f\u0074": [
                    0,
                    0,
                    -10
                ],
                "\u0063\u0075\u0062\u0065\u0073": [
                    {
                        "\u006f\u0072\u0069\u0067\u0069\u006e": [
                            -24.15,
                            3,
                            -18
                        ],
                        "\u0073\u0069\u007a\u0065": [
                            13.15,
                            10,
                            15.16
                        ],
                        "\u0075\u0076": [
                            173,
                            9
                        ]
                    },
                    {
                        "\u006f\u0072\u0069\u0067\u0069\u006e": [
                            -18.15,
                            13,
                            -14
                        ],
                        "\u0073\u0069\u007a\u0065": [
                            7.15,
                            1,
                            10.16
                        ],
                        "\u0075\u0076": [
                            0,
                            0
                        ]
                    },
                    {
                        "\u006f\u0072\u0069\u0067\u0069\u006e": [
                            -27,
                            4,
                            -18
                        ],
                        "\u0073\u0069\u007a\u0065": [
                            16,
                            8,
                            16
                        ],
                        "\u0075\u0076": [
                            124,
                            0
                        ]
                    },
                    {
                        "\u006f\u0072\u0069\u0067\u0069\u006e": [
                            -15.62706,
                            4,
                            -29.30402
                        ],
                        "\u0073\u0069\u007a\u0065": [
                            10,
                            8,
                            14
                        ],
                        "\u0075\u0076": [
                            200,
                            180
                        ]
                    },
                    {
                        "\u006f\u0072\u0069\u0067\u0069\u006e": [
                            -14.56407,
                            2.9,
                            -27.53391
                        ],
                        "\u0073\u0069\u007a\u0065": [
                            10,
                            10,
                            12
                        ],
                        "\u0075\u0076": [
                            193,
                            205
                        ]
                    },
                    {
                        "\u006f\u0072\u0069\u0067\u0069\u006e": [
                            -11.56407,
                            13,
                            -20.6339
                        ],
                        "\u0073\u0069\u007a\u0065": [
                            7,
                            1,
                            5.1
                        ],
                        "\u0075\u0076": [
                            0,
                            32
                        ]
                    }
                ]
            }
        ]
    }
}