{
    "\u0066\u006f\u0072\u006d\u0061\u0074\u005f\u0076\u0065\u0072\u0073\u0069\u006f\u006e": "\u0031\u002e\u0031\u0030\u002e\u0030",
    "\u0067\u0065\u006f\u006d\u0065\u0074\u0072\u0079\u002e\u0073\u0065\u0061\u006d\u006f\u0074\u0068\u005f\u0066\u0072\u0061\u0067\u006d\u0065\u006e\u0074\u005f\u0074\u0077\u006f": {
        "\u0074\u0065\u0078\u0074\u0075\u0072\u0065\u0077\u0069\u0064\u0074\u0068": 512,
        "\u0074\u0065\u0078\u0074\u0075\u0072\u0065\u0068\u0065\u0069\u0067\u0068\u0074": 512,
        "\u0076\u0069\u0073\u0069\u0062\u006c\u0065\u005f\u0062\u006f\u0075\u006e\u0064\u0073\u005f\u0077\u0069\u0064\u0074\u0068": 4,
        "\u0076\u0069\u0073\u0069\u0062\u006c\u0065\u005f\u0062\u006f\u0075\u006e\u0064\u0073\u005f\u0068\u0065\u0069\u0067\u0068\u0074": 1,
        "\u0076\u0069\u0073\u0069\u0062\u006c\u0065\u005f\u0062\u006f\u0075\u006e\u0064\u0073\u005f\u006f\u0066\u0066\u0073\u0065\u0074": [
            0,
            0.5,
            0
        ],
        "\u0062\u006f\u006e\u0065\u0073": [
            {
                "\u006e\u0061\u006d\u0065": "\u0073\u0065\u0061\u006d\u006f\u0074\u0068",
                "\u0070\u0069\u0076\u006f\u0074": [
                    0,
                    0,
                    -10
                ]
            },
            {
                "\u006e\u0061\u006d\u0065": "\u0073\u0069\u0064\u0061\u0044",
                "\u0070\u0061\u0072\u0065\u006e\u0074": "\u0073\u0065\u0061\u006d\u006f\u0074\u0068",
                "\u0070\u0069\u0076\u006f\u0074": [
                    0,
                    0,
                    -10
                ],
                "\u0072\u006f\u0074\u0061\u0074\u0069\u006f\u006e": [
                    0,
                    45,
                    0
                ],
                "\u0063\u0075\u0062\u0065\u0073": [
                    {
                        "\u006f\u0072\u0069\u0067\u0069\u006e": [
                            9.6967,
                            3.1,
                            -12.1
                        ],
                        "\u0073\u0069\u007a\u0065": [
                            13,
                            10,
                            13.5
                        ],
                        "\u0075\u0076": [
                            198,
                            94
                        ]
                    },
                    {
                        "\u006f\u0072\u0069\u0067\u0069\u006e": [
                            8.66,
                            13.1,
                            -9.5
                        ],
                        "\u0073\u0069\u007a\u0065": [
                            7,
                            1,
                            9.5
                        ],
                        "\u0075\u0076": [
                            122,
                            61
                        ]
                    },
                    {
                        "\u006f\u0072\u0069\u0067\u0069\u006e": [
                            9.7,
                            4.1,
                            -12.6
                        ],
                        "\u0073\u0069\u007a\u0065": [
                            15,
                            8,
                            16
                        ],
                        "\u0075\u0076": [
                            56,
                            156
                        ]
                    }
                ]
            },
            {
                "\u006e\u0061\u006d\u0065": "\u0073\u0069\u0064\u0065\u0043",
                "\u0070\u0061\u0072\u0065\u006e\u0074": "\u0073\u0065\u0061\u006d\u006f\u0074\u0068",
                "\u0070\u0069\u0076\u006f\u0074": [
                    0,
                    0,
                    -10
                ],
                "\u0072\u006f\u0074\u0061\u0074\u0069\u006f\u006e": [
                    0,
                    -60,
                    0
                ],
                "\u0063\u0075\u0062\u0065\u0073": [
                    {
                        "\u006f\u0072\u0069\u0067\u0069\u006e": [
                            14.3,
                            3,
                            -16.6
                        ],
                        "\u0073\u0069\u007a\u0065": [
                            13,
                            10,
                            11.5
                        ],
                        "\u0075\u0076": [
                            96,
                            204
                        ]
                    },
                    {
                        "\u006f\u0072\u0069\u0067\u0069\u006e": [
                            16.75,
                            4,
                            -17.1
                        ],
                        "\u0073\u0069\u007a\u0065": [
                            14,
                            8,
                            14
                        ],
                        "\u0075\u0076": [
                            110,
                            182
                        ]
                    }
                ]
            },
            {
                "\u006e\u0061\u006d\u0065": "\u0073\u0069\u0064\u0061\u0042",
                "\u0070\u0061\u0072\u0065\u006e\u0074": "\u0073\u0065\u0061\u006d\u006f\u0074\u0068",
                "\u0070\u0069\u0076\u006f\u0074": [
                    0,
                    0,
                    -10
                ],
                "\u0072\u006f\u0074\u0061\u0074\u0069\u006f\u006e": [
                    0,
                    -20,
                    0
                ],
                "\u0063\u0075\u0062\u0065\u0073": [
                    {
                        "\u006f\u0072\u0069\u0067\u0069\u006e": [
                            13.12,
                            4.1,
                            -11.67
                        ],
                        "\u0073\u0069\u007a\u0065": [
                            15,
                            8,
                            16
                        ],
                        "\u0075\u0076": [
                            118,
                            158
                        ]
                    },
                    {
                        "\u006f\u0072\u0069\u0067\u0069\u006e": [
                            12.15,
                            3.1,
                            -11.5
                        ],
                        "\u0073\u0069\u007a\u0065": [
                            13,
                            10,
                            14
                        ],
                        "\u0075\u0076": [
                            184,
                            70
                        ]
                    },
                    {
                        "\u006f\u0072\u0069\u0067\u0069\u006e": [
                            12.15,
                            13.1,
                            -10.5
                        ],
                        "\u0073\u0069\u007a\u0065": [
                            7,
                            1,
                            16
                        ],
                        "\u0075\u0076": [
                            213,
                            18
                        ]
                    }
                ]
            },
            {
                "\u006e\u0061\u006d\u0065": "\u0073\u0069\u0064\u0065\u0041",
                "\u0070\u0061\u0072\u0065\u006e\u0074": "\u0073\u0065\u0061\u006d\u006f\u0074\u0068",
                "\u0070\u0069\u0076\u006f\u0074": [
                    0,
                    0,
                    -10
                ],
                "\u0063\u0075\u0062\u0065\u0073": [
                    {
                        "\u006f\u0072\u0069\u0067\u0069\u006e": [
                            11,
                            3,
                            -18
                        ],
                        "\u0073\u0069\u007a\u0065": [
                            13.15,
                            10,
                            15.16
                        ],
                        "\u0075\u0076": [
                            178,
                            39
                        ]
                    },
                    {
                        "\u006f\u0072\u0069\u0067\u0069\u006e": [
                            11,
                            13,
                            -14
                        ],
                        "\u0073\u0069\u007a\u0065": [
                            7.15,
                            1,
                            10.16
                        ],
                        "\u0075\u0076": [
                            0,
                            11
                        ]
                    },
                    {
                        "\u006f\u0072\u0069\u0067\u0069\u006e": [
                            11,
                            4,
                            -18
                        ],
                        "\u0073\u0069\u007a\u0065": [
                            16,
                            8,
                            16
                        ],
                        "\u0075\u0076": [
                            0,
                            126
                        ]
                    },
                    {
                        "\u006f\u0072\u0069\u0067\u0069\u006e": [
                            5.62706,
                            4,
                            -29.30402
                        ],
                        "\u0073\u0069\u007a\u0065": [
                            10,
                            8,
                            14
                        ],
                        "\u0075\u0076": [
                            0,
                            202
                        ]
                    },
                    {
                        "\u006f\u0072\u0069\u0067\u0069\u006e": [
                            4.56407,
                            2.9,
                            -27.53391
                        ],
                        "\u0073\u0069\u007a\u0065": [
                            10,
                            10,
                            12
                        ],
                        "\u0075\u0076": [
                            208,
                            128
                        ]
                    },
                    {
                        "\u006f\u0072\u0069\u0067\u0069\u006e": [
                            4.56407,
                            13,
                            -20.6339
                        ],
                        "\u0073\u0069\u007a\u0065": [
                            7,
                            1,
                            5.1
                        ],
                        "\u0075\u0076": [
                            70,
                            14
                        ]
                    }
                ]
            }
        ]
    }
}