{
    "\u0066\u006f\u0072\u006d\u0061\u0074\u005f\u0076\u0065\u0072\u0073\u0069\u006f\u006e": "\u0031\u002e\u0031\u0030\u002e\u0030",
    "\u0067\u0065\u006f\u006d\u0065\u0074\u0072\u0079\u002e\u0073\u0065\u0061\u006d\u006f\u0074\u0068\u005f\u0066\u0072\u0061\u0067\u006d\u0065\u006e\u0074\u005f\u006f\u006e\u0065": {
        "\u0074\u0065\u0078\u0074\u0075\u0072\u0065\u0077\u0069\u0064\u0074\u0068": 512,
        "\u0074\u0065\u0078\u0074\u0075\u0072\u0065\u0068\u0065\u0069\u0067\u0068\u0074": 512,
        "\u0076\u0069\u0073\u0069\u0062\u006c\u0065\u005f\u0062\u006f\u0075\u006e\u0064\u0073\u005f\u0077\u0069\u0064\u0074\u0068": 6,
        "\u0076\u0069\u0073\u0069\u0062\u006c\u0065\u005f\u0062\u006f\u0075\u006e\u0064\u0073\u005f\u0068\u0065\u0069\u0067\u0068\u0074": 2,
        "\u0076\u0069\u0073\u0069\u0062\u006c\u0065\u005f\u0062\u006f\u0075\u006e\u0064\u0073\u005f\u006f\u0066\u0066\u0073\u0065\u0074": [
            0,
            1,
            0
        ],
        "\u0062\u006f\u006e\u0065\u0073": [
            {
                "\u006e\u0061\u006d\u0065": "\u0073\u0065\u0061\u006d\u006f\u0074\u0068",
                "\u0070\u0069\u0076\u006f\u0074": [
                    0,
                    0,
                    -10
                ]
            },
            {
                "\u006e\u0061\u006d\u0065": "\u0062\u0061\u0063\u006b\u0043\u0032",
                "\u0070\u0061\u0072\u0065\u006e\u0074": "\u0073\u0065\u0061\u006d\u006f\u0074\u0068",
                "\u0070\u0069\u0076\u006f\u0074": [
                    0,
                    9,
                    -10
                ],
                "\u0072\u006f\u0074\u0061\u0074\u0069\u006f\u006e": [
                    0,
                    15,
                    0
                ],
                "\u0063\u0075\u0062\u0065\u0073": [
                    {
                        "\u006f\u0072\u0069\u0067\u0069\u006e": [
                            -19,
                            6,
                            16
                        ],
                        "\u0073\u0069\u007a\u0065": [
                            8,
                            12,
                            18
                        ],
                        "\u0075\u0076": [
                            162,
                            164
                        ]
                    }
                ]
            },
            {
                "\u006e\u0061\u006d\u0065": "\u0062\u0061\u0063\u006b\u0042\u0032",
                "\u0070\u0061\u0072\u0065\u006e\u0074": "\u0073\u0065\u0061\u006d\u006f\u0074\u0068",
                "\u0070\u0069\u0076\u006f\u0074": [
                    0,
                    9,
                    -10
                ],
                "\u0072\u006f\u0074\u0061\u0074\u0069\u006f\u006e": [
                    0,
                    -15,
                    0
                ],
                "\u0063\u0075\u0062\u0065\u0073": [
                    {
                        "\u006f\u0072\u0069\u0067\u0069\u006e": [
                            11,
                            6,
                            16
                        ],
                        "\u0073\u0069\u007a\u0065": [
                            8,
                            12,
                            18
                        ],
                        "\u0075\u0076": [
                            164,
                            110
                        ]
                    }
                ]
            },
            {
                "\u006e\u0061\u006d\u0065": "\u0062\u0061\u0063\u006b\u0043",
                "\u0070\u0061\u0072\u0065\u006e\u0074": "\u0073\u0065\u0061\u006d\u006f\u0074\u0068",
                "\u0070\u0069\u0076\u006f\u0074": [
                    0,
                    0,
                    -10
                ],
                "\u0072\u006f\u0074\u0061\u0074\u0069\u006f\u006e": [
                    -10,
                    0,
                    0
                ],
                "\u0063\u0075\u0062\u0065\u0073": [
                    {
                        "\u006f\u0072\u0069\u0067\u0069\u006e": [
                            -6,
                            23,
                            15
                        ],
                        "\u0073\u0069\u007a\u0065": [
                            12,
                            4,
                            18
                        ],
                        "\u0075\u0076": [
                            0,
                            80
                        ]
                    }
                ]
            },
            {
                "\u006e\u0061\u006d\u0065": "\u0062\u0061\u0063\u006b\u0042",
                "\u0070\u0061\u0072\u0065\u006e\u0074": "\u0073\u0065\u0061\u006d\u006f\u0074\u0068",
                "\u0070\u0069\u0076\u006f\u0074": [
                    0,
                    9,
                    -10
                ],
                "\u0072\u006f\u0074\u0061\u0074\u0069\u006f\u006e": [
                    10,
                    0,
                    0
                ],
                "\u0063\u0075\u0062\u0065\u0073": [
                    {
                        "\u006f\u0072\u0069\u0067\u0069\u006e": [
                            -6,
                            -3,
                            17
                        ],
                        "\u0073\u0069\u007a\u0065": [
                            12,
                            4,
                            18
                        ],
                        "\u0075\u0076": [
                            166,
                            140
                        ]
                    }
                ]
            },
            {
                "\u006e\u0061\u006d\u0065": "\u0062\u0061\u0063\u006b\u0041",
                "\u0070\u0061\u0072\u0065\u006e\u0074": "\u0073\u0065\u0061\u006d\u006f\u0074\u0068",
                "\u0070\u0069\u0076\u006f\u0074": [
                    0,
                    11,
                    -10
                ],
                "\u0063\u0075\u0062\u0065\u0073": [
                    {
                        "\u006f\u0072\u0069\u0067\u0069\u006e": [
                            -6,
                            6.1,
                            21
                        ],
                        "\u0073\u0069\u007a\u0065": [
                            12,
                            12,
                            18
                        ],
                        "\u0075\u0076": [
                            88,
                            102
                        ]
                    }
                ]
            },
            {
                "\u006e\u0061\u006d\u0065": "\u006d\u0069\u0064\u0043\u0032",
                "\u0070\u0061\u0072\u0065\u006e\u0074": "\u0073\u0065\u0061\u006d\u006f\u0074\u0068",
                "\u0070\u0069\u0076\u006f\u0074": [
                    0,
                    -12,
                    -10
                ],
                "\u0072\u006f\u0074\u0061\u0074\u0069\u006f\u006e": [
                    0,
                    0,
                    -20
                ],
                "\u0063\u0075\u0062\u0065\u0073": [
                    {
                        "\u006f\u0072\u0069\u0067\u0069\u006e": [
                            -4.6,
                            4.6,
                            3.9
                        ],
                        "\u0073\u0069\u007a\u0065": [
                            8,
                            10,
                            20
                        ],
                        "\u0075\u0076": [
                            128,
                            128
                        ]
                    }
                ]
            },
            {
                "\u006e\u0061\u006d\u0065": "\u006d\u0069\u0064\u0042\u0032",
                "\u0070\u0061\u0072\u0065\u006e\u0074": "\u0073\u0065\u0061\u006d\u006f\u0074\u0068",
                "\u0070\u0069\u0076\u006f\u0074": [
                    0,
                    12,
                    -10
                ],
                "\u0072\u006f\u0074\u0061\u0074\u0069\u006f\u006e": [
                    0,
                    0,
                    20
                ],
                "\u0063\u0075\u0062\u0065\u0073": [
                    {
                        "\u006f\u0072\u0069\u0067\u0069\u006e": [
                            -12.85,
                            7.9,
                            4.1
                        ],
                        "\u0073\u0069\u007a\u0065": [
                            8,
                            10,
                            20
                        ],
                        "\u0075\u0076": [
                            135,
                            24
                        ]
                    }
                ]
            },
            {
                "\u006e\u0061\u006d\u0065": "\u006d\u0069\u0064\u0043",
                "\u0070\u0061\u0072\u0065\u006e\u0074": "\u0073\u0065\u0061\u006d\u006f\u0074\u0068",
                "\u0070\u0069\u0076\u006f\u0074": [
                    0,
                    -12,
                    -10
                ],
                "\u0072\u006f\u0074\u0061\u0074\u0069\u006f\u006e": [
                    0,
                    0,
                    20
                ],
                "\u0063\u0075\u0062\u0065\u0073": [
                    {
                        "\u006f\u0072\u0069\u0067\u0069\u006e": [
                            -3.4,
                            4.6,
                            3.9
                        ],
                        "\u0073\u0069\u007a\u0065": [
                            8,
                            10,
                            20
                        ],
                        "\u0075\u0076": [
                            142,
                            54
                        ]
                    }
                ]
            },
            {
                "\u006e\u0061\u006d\u0065": "\u006d\u0069\u0064\u0042",
                "\u0070\u0061\u0072\u0065\u006e\u0074": "\u0073\u0065\u0061\u006d\u006f\u0074\u0068",
                "\u0070\u0069\u0076\u006f\u0074": [
                    0,
                    12,
                    -10
                ],
                "\u0072\u006f\u0074\u0061\u0074\u0069\u006f\u006e": [
                    0,
                    0,
                    -20
                ],
                "\u0063\u0075\u0062\u0065\u0073": [
                    {
                        "\u006f\u0072\u0069\u0067\u0069\u006e": [
                            4.85,
                            7.9,
                            4.1
                        ],
                        "\u0073\u0069\u007a\u0065": [
                            8,
                            10,
                            20
                        ],
                        "\u0075\u0076": [
                            0,
                            150
                        ]
                    }
                ]
            },
            {
                "\u006e\u0061\u006d\u0065": "\u006d\u0069\u0064\u0041",
                "\u0070\u0061\u0072\u0065\u006e\u0074": "\u0073\u0065\u0061\u006d\u006f\u0074\u0068",
                "\u0070\u0069\u0076\u006f\u0074": [
                    0,
                    0,
                    -10
                ],
                "\u0063\u0075\u0062\u0065\u0073": [
                    {
                        "\u006f\u0072\u0069\u0067\u0069\u006e": [
                            -10,
                            2,
                            3.9
                        ],
                        "\u0073\u0069\u007a\u0065": [
                            20,
                            20,
                            20
                        ],
                        "\u0075\u0076": [
                            62,
                            62
                        ]
                    },
                    {
                        "\u006f\u0072\u0069\u0067\u0069\u006e": [
                            -10.25,
                            3,
                            -15.1
                        ],
                        "\u0073\u0069\u007a\u0065": [
                            20.5,
                            19.5,
                            21
                        ],
                        "\u0075\u0076": [
                            0,
                            40
                        ]
                    },
                    {
                        "\u006f\u0072\u0069\u0067\u0069\u006e": [
                            -13.5,
                            11.5,
                            4
                        ],
                        "\u0073\u0069\u007a\u0065": [
                            27,
                            1,
                            20
                        ],
                        "\u0075\u0076": [
                            61,
                            40
                        ]
                    }
                ]
            },
            {
                "\u006e\u0061\u006d\u0065": "\u0069\u006e\u0074\u0065\u006e\u0061",
                "\u0070\u0061\u0072\u0065\u006e\u0074": "\u0073\u0065\u0061\u006d\u006f\u0074\u0068",
                "\u0070\u0069\u0076\u006f\u0074": [
                    0,
                    0,
                    -10
                ],
                "\u0072\u006f\u0074\u0061\u0074\u0069\u006f\u006e": [
                    -20,
                    0,
                    0
                ],
                "\u0063\u0075\u0062\u0065\u0073": [
                    {
                        "\u006f\u0072\u0069\u0067\u0069\u006e": [
                            -1,
                            30,
                            8
                        ],
                        "\u0073\u0069\u007a\u0065": [
                            2,
                            8,
                            2
                        ],
                        "\u0075\u0076": [
                            0,
                            0
                        ]
                    }
                ]
            },
            {
                "\u006e\u0061\u006d\u0065": "\u0063\u0068\u0061\u0069\u0072",
                "\u0070\u0061\u0072\u0065\u006e\u0074": "\u0073\u0065\u0061\u006d\u006f\u0074\u0068",
                "\u0070\u0069\u0076\u006f\u0074": [
                    0,
                    0,
                    -10
                ],
                "\u0063\u0075\u0062\u0065\u0073": [
                    {
                        "\u006f\u0072\u0069\u0067\u0069\u006e": [
                            -5,
                            5,
                            -10
                        ],
                        "\u0073\u0069\u007a\u0065": [
                            10,
                            2,
                            10
                        ],
                        "\u0075\u0076": [
                            66,
                            102
                        ]
                    },
                    {
                        "\u006f\u0072\u0069\u0067\u0069\u006e": [
                            -1,
                            5,
                            -12
                        ],
                        "\u0073\u0069\u007a\u0065": [
                            2,
                            7,
                            2
                        ],
                        "\u0075\u0076": [
                            0,
                            11
                        ]
                    }
                ]
            },
            {
                "\u006e\u0061\u006d\u0065": "\u0077\u0068\u0065\u0065\u006c",
                "\u0070\u0061\u0072\u0065\u006e\u0074": "\u0063\u0068\u0061\u0069\u0072",
                "\u0070\u0069\u0076\u006f\u0074": [
                    1,
                    8,
                    -15
                ],
                "\u0072\u006f\u0074\u0061\u0074\u0069\u006f\u006e": [
                    15,
                    0,
                    0
                ],
                "\u0063\u0075\u0062\u0065\u0073": [
                    {
                        "\u006f\u0072\u0069\u0067\u0069\u006e": [
                            -4,
                            9,
                            -10
                        ],
                        "\u0073\u0069\u007a\u0065": [
                            8,
                            5,
                            1
                        ],
                        "\u0075\u0076": [
                            0,
                            40
                        ]
                    },
                    {
                        "\u006f\u0072\u0069\u0067\u0069\u006e": [
                            5,
                            9,
                            -14
                        ],
                        "\u0073\u0069\u007a\u0065": [
                            4,
                            4,
                            1
                        ],
                        "\u0075\u0076": [
                            24,
                            0
                        ]
                    },
                    {
                        "\u006f\u0072\u0069\u0067\u0069\u006e": [
                            -9,
                            9,
                            -14
                        ],
                        "\u0073\u0069\u007a\u0065": [
                            4,
                            4,
                            1
                        ],
                        "\u0075\u0076": [
                            23,
                            23
                        ]
                    }
                ]
            },
            {
                "\u006e\u0061\u006d\u0065": "\u0063\u0068\u0061\u0069\u0072\u0042",
                "\u0070\u0061\u0072\u0065\u006e\u0074": "\u0063\u0068\u0061\u0069\u0072",
                "\u0070\u0069\u0076\u006f\u0074": [
                    0,
                    0,
                    -10
                ],
                "\u0072\u006f\u0074\u0061\u0074\u0069\u006f\u006e": [
                    -15,
                    0,
                    0
                ],
                "\u0063\u0075\u0062\u0065\u0073": [
                    {
                        "\u006f\u0072\u0069\u0067\u0069\u006e": [
                            -5,
                            7,
                            -3
                        ],
                        "\u0073\u0069\u007a\u0065": [
                            10,
                            12,
                            2
                        ],
                        "\u0075\u0076": [
                            70,
                            0
                        ]
                    }
                ]
            },
            {
                "\u006e\u0061\u006d\u0065": "\u0042\u006f\u0064\u0079",
                "\u0070\u0061\u0072\u0065\u006e\u0074": "\u0073\u0065\u0061\u006d\u006f\u0074\u0068",
                "\u0070\u0069\u0076\u006f\u0074": [
                    0,
                    13,
                    -1
                ],
                "\u0063\u0075\u0062\u0065\u0073": [
                    {
                        "\u006f\u0072\u0069\u0067\u0069\u006e": [
                            -11,
                            1.9,
                            -14
                        ],
                        "\u0073\u0069\u007a\u0065": [
                            22,
                            2,
                            22
                        ],
                        "\u0075\u0076": [
                            0,
                            102
                        ]
                    },
                    {
                        "\u006f\u0072\u0069\u0067\u0069\u006e": [
                            -8,
                            1,
                            -11.5
                        ],
                        "\u0073\u0069\u007a\u0065": [
                            16,
                            2,
                            38
                        ],
                        "\u0075\u0076": [
                            0,
                            0
                        ]
                    },
                    {
                        "\u006f\u0072\u0069\u0067\u0069\u006e": [
                            -6,
                            0,
                            -12
                        ],
                        "\u0073\u0069\u007a\u0065": [
                            12,
                            1,
                            30
                        ],
                        "\u0075\u0076": [
                            70,
                            0
                        ]
                    }
                ]
            }
        ]
    }
}