{
    "\u0066\u006f\u0072\u006d\u0061\u0074\u005f\u0076\u0065\u0072\u0073\u0069\u006f\u006e": "\u0031\u002e\u0031\u0032\u002e\u0030",
    "\u006d\u0069\u006e\u0065\u0063\u0072\u0061\u0066\u0074\u003a\u0067\u0065\u006f\u006d\u0065\u0074\u0072\u0079": [
        {
            "\u0064\u0065\u0073\u0063\u0072\u0069\u0070\u0074\u0069\u006f\u006e": {
                "\u0069\u0064\u0065\u006e\u0074\u0069\u0066\u0069\u0065\u0072": "\u0067\u0065\u006f\u006d\u0065\u0074\u0072\u0079\u002e\u0073\u006b\u0079\u0072\u0061\u0079",
                "\u0074\u0065\u0078\u0074\u0075\u0072\u0065\u005f\u0077\u0069\u0064\u0074\u0068": 64,
                "\u0074\u0065\u0078\u0074\u0075\u0072\u0065\u005f\u0068\u0065\u0069\u0067\u0068\u0074": 64,
                "\u0076\u0069\u0073\u0069\u0062\u006c\u0065\u005f\u0062\u006f\u0075\u006e\u0064\u0073\u005f\u0077\u0069\u0064\u0074\u0068": 2,
                "\u0076\u0069\u0073\u0069\u0062\u006c\u0065\u005f\u0062\u006f\u0075\u006e\u0064\u0073\u005f\u0068\u0065\u0069\u0067\u0068\u0074": 1,
                "\u0076\u0069\u0073\u0069\u0062\u006c\u0065\u005f\u0062\u006f\u0075\u006e\u0064\u0073\u005f\u006f\u0066\u0066\u0073\u0065\u0074": [
                    0,
                    0.5,
                    0
                ]
            },
            "\u0062\u006f\u006e\u0065\u0073": [
                {
                    "\u006e\u0061\u006d\u0065": "\u0062\u006f\u0064\u0079",
                    "\u0070\u0069\u0076\u006f\u0074": [
                        0,
                        0,
                        2
                    ],
                    "\u0063\u0075\u0062\u0065\u0073": [
                        {
                            "\u006f\u0072\u0069\u0067\u0069\u006e": [
                                -1.6,
                                2,
                                -4
                            ],
                            "\u0073\u0069\u007a\u0065": [
                                3.2,
                                2,
                                3
                            ],
                            "\u0075\u0076": [
                                0,
                                19
                            ]
                        },
                        {
                            "\u006f\u0072\u0069\u0067\u0069\u006e": [
                                -1,
                                2,
                                -6
                            ],
                            "\u0073\u0069\u007a\u0065": [
                                2,
                                2,
                                2
                            ],
                            "\u0075\u0076": [
                                0,
                                4
                            ]
                        },
                        {
                            "\u006f\u0072\u0069\u0067\u0069\u006e": [
                                -0.5,
                                5.73205,
                                -4.9282
                            ],
                            "\u0073\u0069\u007a\u0065": [
                                1,
                                1,
                                2
                            ],
                            "\u0070\u0069\u0076\u006f\u0074": [
                                0,
                                0,
                                2
                            ],
                            "\u0072\u006f\u0074\u0061\u0074\u0069\u006f\u006e": [
                                30,
                                0,
                                0
                            ],
                            "\u0075\u0076": [
                                0,
                                8
                            ]
                        },
                        {
                            "\u006f\u0072\u0069\u0067\u0069\u006e": [
                                -1,
                                2,
                                -1
                            ],
                            "\u0073\u0069\u007a\u0065": [
                                2,
                                1.8,
                                3
                            ],
                            "\u0075\u0076": [
                                0,
                                0
                            ]
                        }
                    ]
                },
                {
                    "\u006e\u0061\u006d\u0065": "\u006c\u0065\u0066\u0074\u0077\u0069\u006e\u0067",
                    "\u0070\u0061\u0072\u0065\u006e\u0074": "\u0062\u006f\u0064\u0079",
                    "\u0070\u0069\u0076\u006f\u0074": [
                        1,
                        3,
                        -3
                    ],
                    "\u0063\u0075\u0062\u0065\u0073": [
                        {
                            "\u006f\u0072\u0069\u0067\u0069\u006e": [
                                0,
                                3,
                                -5
                            ],
                            "\u0073\u0069\u007a\u0065": [
                                6,
                                0,
                                11
                            ],
                            "\u0075\u0076": [
                                0,
                                11
                            ]
                        },
                        {
                            "\u006f\u0072\u0069\u0067\u0069\u006e": [
                                -1.26788,
                                3,
                                1.09576
                            ],
                            "\u0073\u0069\u007a\u0065": [
                                -0.6,
                                -0.6,
                                2
                            ],
                            "\u0070\u0069\u0076\u006f\u0074": [
                                1,
                                3,
                                -3
                            ],
                            "\u0072\u006f\u0074\u0061\u0074\u0069\u006f\u006e": [
                                0,
                                35,
                                0
                            ],
                            "\u0075\u0076": [
                                0,
                                0
                            ]
                        }
                    ]
                },
                {
                    "\u006e\u0061\u006d\u0065": "\u0072\u0069\u0067\u0068\u0074\u0077\u0069\u006e\u0067",
                    "\u0070\u0061\u0072\u0065\u006e\u0074": "\u0062\u006f\u0064\u0079",
                    "\u0070\u0069\u0076\u006f\u0074": [
                        -1,
                        3,
                        -3
                    ],
                    "\u0063\u0075\u0062\u0065\u0073": [
                        {
                            "\u006f\u0072\u0069\u0067\u0069\u006e": [
                                -6,
                                3,
                                -5
                            ],
                            "\u0073\u0069\u007a\u0065": [
                                6,
                                0,
                                11
                            ],
                            "\u0075\u0076": [
                                0,
                                0
                            ]
                        },
                        {
                            "\u006f\u0072\u0069\u0067\u0069\u006e": [
                                1.86788,
                                3,
                                1.09576
                            ],
                            "\u0073\u0069\u007a\u0065": [
                                -0.6,
                                -0.6,
                                2
                            ],
                            "\u0070\u0069\u0076\u006f\u0074": [
                                -1,
                                3,
                                -3
                            ],
                            "\u0072\u006f\u0074\u0061\u0074\u0069\u006f\u006e": [
                                0,
                                -35,
                                0
                            ],
                            "\u0075\u0076": [
                                0,
                                0
                            ]
                        }
                    ]
                }
            ]
        }
    ]
}