{
	"format_version": "1.16.100",
	"minecraft:item": {
		"description": {
			"identifier": "rab:cooked_colossal_squid_meat",
			"category": "equipment"
		},
		"components": {
			"minecraft:food": {
				"can_always_eat": false,
				"nutrition": 6,
				"saturation_modifier": 4
			},
			"minecraft:creative_category": {
				"parent": "itemGroup.name.cookedFood"
			},
			"minecraft:display_name": {
				"value": "Cooked Colossal Squid Meat"
			},
			"minecraft:icon": {
				"texture": "cooked_colossal_squid_meat"
			},
			"minecraft:use_animation": "eat",
			"minecraft:use_duration": 1.6,
			"minecraft:stacked_by_data": true,
			"minecraft:max_stack_size": 64
		}
	}
}