{
	"format_version": "1.16.100",
	"minecraft:item": {
		"description": {
			"identifier": "rab:jade_dragon_heart",
			"category": "items"
		},
		"components": {
			"minecraft:use_duration": 1.6,
			"minecraft:food": {
				"saturation_modifier": "supernatural",
				"can_always_eat": true,
				"on_consume": {
					"event": "on_consume",
					"target": "self"
				},
				"using_converts_to": "minecraft:emerald"
			},
			"minecraft:creative_category": {
				"parent": "itemGroup.name.items"
			},
			"minecraft:hand_equipped": true,
			"minecraft:display_name": {
				"value": "§4Jade Dragon Heart \n§6 The Heart Of The Legendary Beast"
			},
			"minecraft:icon": {
				"texture": "jade_dragon_heart"
			},
			"minecraft:allow_off_hand": true,
			"minecraft:explodable": false,
			"minecraft:foil": true,
			"minecraft:should_despawn": false,
			"minecraft:use_animation": "eat",
			"minecraft:max_stack_size": 64
		},
		"events": {
			"on_consume": {
				"sequence": [
					{
						"add_mob_effect": {
							"effect": "absorption",
							"duration": 120,
							"target": "holder",
							"amplifier": 1
						}
					},
					{
						"add_mob_effect": {
							"effect": "night_vision",
							"duration": 180,
							"target": "holder",
							"amplifier": 1
						}
					},
					{
						"add_mob_effect": {
							"effect": "strength",
							"duration": 170,
							"target": "holder",
							"amplifier": 1
						}
					},
					{
						"add_mob_effect": {
							"effect": "speed",
							"duration": 180,
							"target": "holder",
							"amplifier": 1
						}
					},
					{
						"add_mob_effect": {
							"effect": "nausea",
							"duration": 20,
							"target": "holder",
							"amplifier": 2
						}
					}
				]
			}
		}
	}
}