{
	"format_version": "1.16.100",
	"minecraft:item": {
		"description": {
			"identifier": "rab:jellyfish_sting_antidote",
			"category": "equipment"
		},
		"components": {
			"minecraft:use_duration": 1.6,
			"minecraft:food": {
				"saturation_modifier": "low",
				"can_always_eat": true,
				"on_consume": {
					"event": "on_consume",
					"target": "self"
				},
				"using_converts_to": "minecraft:glass_bottle"
			},
			"minecraft:creative_category": {
				"parent": "itemGroup.name.potion"
			},
			"minecraft:display_name": {
				"value": "Box Jellyfish Antidote \n§1 Removes Box Jellyfish Poison Effect"
			},
			"minecraft:icon": {
				"texture": "jellyfish_sting_antidote"
			},
			"minecraft:foil": false,
			"minecraft:use_animation": "drink",
			"minecraft:max_stack_size": 1
		},
		"events": {
			"on_consume": {
				"sequence": [
					{
						"remove_mob_effect": {
							"effect": "poison",
							"target": "holder"
						}
					}
				]
			}
		}
	}
}