{
	"format_version": "1.16.100",
	"minecraft:item": {
		"description": {
			"identifier": "rab:lightning_arrow",
			"category": "equipment"
		},
		"components": {
			"minecraft:stacked_by_data": true,
			"minecraft:allow_off_hand": true,
			"minecraft:icon": {
				"texture": "lightning_arrow"
			},
			"minecraft:display_name": {
				"value": "Arrow of Lightning"
			},
			"minecraft:creative_category": {
				"parent": "itemGroup.name.arrow"
			},
			"minecraft:projectile": {
				"projectile_entity": "rab:lightning_arrow",
				"minimum_critical_power": 1
			},
			"minecraft:shooter": {
				"ammunition": [
					{
						"item": "rab:lightning_arrow",
						"use_in_creative": true,
						"use_offhand": false,
						"search_inventory": true
					}
				],
				"charge_on_draw": true,
				"max_draw_duration": 1,
				"scale_power_by_draw_duration": true,
				"launch_power_scale": 1,
				"max_launch_power": 1
			},
			"minecraft:max_stack_size": 64
		}
	}
}