{
	"format_version": "1.16.100",
	"minecraft:item": {
		"description": {
			"identifier": "rab:potion_of_the_depths_redstone",
			"category": "equipment"
		},
		"components": {
			"minecraft:use_duration": 1.6,
			"minecraft:food": {
				"saturation_modifier": "low",
				"can_always_eat": true,
				"on_consume": {
					"event": "on_consume",
					"target": "self"
				},
				"using_converts_to": "minecraft:glass_bottle"
			},
			"minecraft:creative_category": {
				"parent": "itemGroup.name.potion"
			},
			"minecraft:display_name": {
				"value": "Potion Of The Depths \n§3 A Collection Of Prolonged Effects"
			},
			"minecraft:icon": {
				"texture": "potion_of_the_depths"
			},
			"minecraft:foil": true,
			"minecraft:use_animation": "drink",
			"minecraft:max_stack_size": 1
		},
		"events": {
			"on_consume": {
				"sequence": [
					{
						"add_mob_effect": {
							"effect": "absorption",
							"duration": 220,
							"target": "holder",
							"amplifier": 0
						}
					},
					{
						"add_mob_effect": {
							"effect": "water_breathing",
							"duration": 280,
							"target": "holder",
							"amplifier": 0
						}
					},
					{
						"add_mob_effect": {
							"effect": "night_vision",
							"duration": 280,
							"target": "holder",
							"amplifier": 0
						}
					},
					{
						"add_mob_effect": {
							"effect": "conduit_power",
							"duration": 180,
							"target": "holder",
							"amplifier": 0
						}
					}
				]
			}
		}
	}
}