{
	"format_version": "1.16.100",
	"minecraft:item": {
		"description": {
			"identifier": "rab:white_spike_leggings",
			"category": "equipment"
		},
		"components": {
			"minecraft:max_stack_size": 1,
			"minecraft:armor": {
				"protection": 8
			},
			"minecraft:enchantable": {
				"value": 15,
				"slot": "armor_legs"
			},
			"minecraft:creative_category": {
				"parent": "itemGroup.name.leggings"
			},
			"minecraft:icon": {
				"texture": "white_spike_leggings"
			},
			"minecraft:repairable": {
				"repair_items": [
					"rab:white_spike_carapace"
				]
			},
			"minecraft:wearable": {
				"slot": "slot.armor.legs"
			},
			"minecraft:display_name": {
				"value": "White Spike Leggings"
			},
			"minecraft:render_offsets": "leggings",
			"minecraft:durability": {
				"max_durability": 656,
				"damage_chance": {
					"min": 60,
					"max": 100
				}
			}
		}
	}
}