{
    "pools": [
      {
        "rolls": {
          "min": 5,
          "max": 12
        },
        "entries": [
          {
            "type": "item",
            "name": "minecraft:apple",
            "weight": 15,
            "functions": [
              {
                "function": "minecraft:set_count",
                "count": {
                  "min": 1,
                  "max": 3
                }
              }
            ]
          },
          {
            "type": "item",
            "name": "minecraft:coal",
            "weight": 15,
            "functions": [
              {
                "function": "minecraft:set_count",
                "count": {
                  "min": 1,
                  "max": 4
                }
              }
            ]
          },
          {
            "type": "item",
            "name": "minecraft:gold_nugget",
            "weight": 10,
            "functions": [
              {
                "function": "minecraft:set_count",
                "count": {
                  "min": 1,
                  "max": 3
                }
              }
            ]
          },
          {
            "type": "item",
            "name": "minecraft:iron_axe",
            "weight": 7
          },
          {
            "type": "item",
            "name": "minecraft:iron_pickaxe",
            "weight": 7
          },
          {
            "type": "item",
            "name": "minecraft:gunpowder",
            "weight": 8
          },
          {
            "type": "item",
            "name": "minecraft:rotten_flesh",
            "weight": 10
          },
          {
            "type": "item",
            "name": "minecraft:ender_pearl",
            "weight": 10
          },
          {
            "type": "item",
            "name": "minecraft:bone",
            "weight": 10
          },
          {
            "type": "item",
            "name": "minecraft:wheat",
            "weight": 10,
            "functions": [
              {
                "function": "minecraft:set_count",
                "count": {
                  "min": 2,
                  "max": 5
                }
              }
            ]
          }
        ]
      },
      {
        "rolls": 1,
        "entries": [
          {
            "type": "item",
            "name": "minecraft:golden_apple",
            "weight": 1
          }
        ]
      },
      {
        "rolls": 2,
        "entries": [
          {
            "type": "item",
            "name": "minecraft:emerald",
            "weight": 1,
            "functions": [
              {
                "function": "minecraft:set_count",
                "count": {
                  "min": 1,
                  "max": 3
                }
              }
            ]
          }
        ]
      }
    ]
  }